ID,NeuronClass,maG,vmG,vaG,lG3,lG4,lGx,vpG1,vpG2,mdGx,mdG1,mdG2,mdG3,mdG4,mdG5,mdG6,dlG,dG
uniqueValues,uniqueValues,Thres,Thres,Thres,Thres,Thres,Thres,Thres,Thres,Thres,Thres,Thres,Thres,Thres,Thres,Thres,Thres,Thres
1,MC,174.09,0.00,0.00,0.00,0.00,0.00,0.00,0.00,0.00,0.00,0.00,0.00,0.00,0.00,0.00,0.00,0.00
2,MC,15.10,0.00,0.00,0.00,0.00,0.00,0.00,0.00,0.00,0.00,0.00,0.00,0.00,0.00,0.00,0.00,0.00
3,MC,130.01,0.00,0.00,0.00,0.00,0.00,0.00,0.00,0.00,0.00,0.00,0.00,0.00,0.00,0.00,0.00,0.00
4,MC,193.17,0.00,0.00,0.00,0.00,0.00,0.00,0.00,0.00,0.00,0.00,0.00,0.00,0.00,0.00,0.00,0.00
11,MC,209.67,0.00,7.16,0.00,0.00,0.00,0.00,0.00,0.00,0.00,0.00,0.00,0.00,0.00,0.00,0.00,3.05
12,MC,164.53,0.00,0.00,0.00,0.00,0.00,0.00,0.00,0.00,0.00,0.00,0.00,0.00,0.00,0.00,0.00,0.00
13,MC,197.74,0.00,0.00,0.00,0.00,0.00,0.00,0.00,0.00,0.00,0.00,0.00,0.00,0.00,0.00,0.00,0.00
16,MC,46.34,1.75,0.00,0.00,0.00,0.00,0.00,0.00,0.00,0.00,0.00,0.00,0.00,0.00,0.00,0.00,0.00
17,MC,129.06,0.00,0.00,0.00,0.00,0.00,0.00,0.00,0.00,0.00,0.00,0.00,0.00,0.00,0.00,0.00,0.00
19,MC,219.71,0.00,0.68,0.00,0.00,0.00,0.00,0.00,0.00,0.00,0.00,0.00,0.00,0.00,0.00,0.00,0.00
20,MC,128.36,0.00,0.00,0.00,0.00,0.00,0.00,0.00,0.00,0.00,0.00,0.00,0.00,0.00,0.00,0.00,0.00
23,MC,48.11,35.21,0.00,0.00,0.00,0.00,0.00,0.00,0.00,0.00,0.00,0.00,0.00,0.00,0.00,0.00,0.00
25,MC,176.48,0.00,0.00,0.00,0.00,0.00,0.00,0.00,0.00,0.00,0.00,0.00,0.00,0.00,0.00,0.00,0.00
26,MC,266.20,0.00,0.00,0.00,0.00,0.00,0.00,0.00,0.00,0.00,0.00,0.00,0.00,0.00,0.00,0.00,0.00
27,MC,279.10,0.00,12.86,0.00,0.00,0.00,0.00,0.00,0.00,0.00,0.00,0.00,0.00,0.00,0.00,0.00,0.00
28,MC,297.69,0.00,5.37,0.00,0.00,0.00,0.00,0.00,0.00,0.00,0.00,0.00,0.00,0.00,0.00,0.00,0.00
29,MC,160.38,0.00,0.00,0.00,0.00,0.00,0.00,0.00,0.00,0.00,0.00,0.00,0.00,0.00,0.00,0.00,0.00
30,MC,96.97,0.00,7.67,0.00,0.00,0.00,0.00,0.00,0.00,0.00,0.00,0.00,0.00,0.00,0.00,0.00,0.00
32,MC,70.70,112.49,8.23,0.00,0.00,0.00,0.00,0.00,0.00,0.00,0.00,0.00,0.00,0.00,0.00,0.00,0.00
33,MC,72.10,0.00,0.00,0.00,0.00,0.00,0.00,0.00,0.00,0.00,0.00,0.00,0.00,0.00,0.00,0.00,0.00
34,MC,145.25,35.33,0.00,0.00,0.00,0.00,0.00,0.00,0.00,0.00,0.00,0.00,0.00,0.00,0.00,0.00,0.00
35,MC,190.36,65.72,0.48,0.00,0.00,0.00,0.00,0.00,0.00,0.00,0.00,0.00,0.00,0.00,0.00,0.00,0.00
36,MC,118.27,168.43,23.27,0.00,0.00,0.00,0.00,0.00,0.00,0.00,0.00,0.00,0.00,0.00,0.00,0.00,0.00
37,MC,92.60,0.69,0.00,0.00,0.00,0.00,0.00,0.00,0.00,0.00,0.00,0.00,0.00,0.00,0.00,0.00,0.00
38,MC,189.26,0.00,1.48,0.00,0.00,0.00,0.00,0.00,0.00,0.00,0.00,0.00,0.00,0.00,0.00,0.00,0.00
39,MC,19.56,4.42,250.48,0.00,0.00,0.00,0.00,0.00,0.00,0.00,0.00,0.00,0.00,0.00,0.00,0.00,9.40
40,MC,15.80,13.12,296.61,0.00,0.00,0.00,0.00,0.00,0.00,0.00,0.00,0.00,0.00,0.00,0.00,0.00,1.28
41,MC,244.40,0.00,0.00,0.00,0.00,0.00,0.00,0.00,0.00,0.00,0.00,0.00,0.00,0.00,0.00,0.00,0.00
42,MC,51.79,129.72,7.87,0.00,0.00,0.00,0.00,0.00,0.00,0.00,0.00,0.00,0.00,0.00,0.00,0.00,0.00
44,MC,143.08,0.00,0.00,0.00,0.00,0.00,0.00,0.00,0.00,0.00,0.00,0.00,0.00,0.49,0.69,0.00,0.00
45,MC,391.87,0.00,9.66,0.00,0.00,0.00,0.00,0.00,0.00,0.00,0.00,0.00,0.00,1.79,5.81,0.00,14.33
46,MC,103.09,40.31,9.19,0.00,0.00,0.00,0.00,0.00,0.00,0.00,0.00,0.00,0.00,0.00,0.89,0.00,2.01
47,MC,183.51,146.70,15.89,0.00,0.00,0.00,0.00,0.00,0.00,0.00,0.00,0.00,0.00,0.00,0.00,0.00,0.00
48,MC,149.26,19.86,0.00,0.00,0.00,0.00,0.00,0.00,0.00,0.00,0.00,0.00,0.00,0.00,0.00,0.00,0.00
49,MC,0.00,60.42,0.00,0.00,0.00,0.00,0.00,0.00,0.00,0.00,0.00,0.00,0.00,0.00,0.00,0.00,0.00
50,MC,0.00,244.71,0.00,0.00,0.00,0.00,0.00,0.00,0.00,0.00,0.00,0.00,0.00,0.00,0.00,0.00,0.00
51,MC,0.00,255.35,70.37,0.00,0.00,0.00,0.00,0.00,0.00,0.00,0.00,0.00,0.00,0.00,0.00,0.00,0.00
52,MC,0.00,0.00,41.32,0.00,0.00,0.00,0.00,0.00,0.00,0.00,0.00,0.00,0.00,0.00,0.00,0.00,87.56
53,MC,0.00,0.00,0.00,0.00,0.00,0.00,0.00,0.00,0.00,0.00,0.00,0.00,0.00,0.00,0.00,0.00,239.17
54,MC,0.00,0.00,7.69,0.00,0.00,0.00,0.00,0.00,0.00,0.00,0.00,0.00,0.00,0.00,0.00,0.00,248.37
55,MC,0.00,0.00,14.10,0.00,0.00,0.00,0.00,0.00,0.00,0.00,0.00,0.00,0.00,0.00,0.00,0.00,212.31
56,MC,0.00,0.00,0.00,0.00,0.00,0.00,0.00,0.00,0.00,0.00,0.00,0.00,0.00,0.00,0.00,0.00,407.89
57,MC,0.00,0.00,0.00,0.00,0.00,0.00,0.00,0.00,0.00,0.00,0.00,0.00,0.00,0.00,0.00,0.00,336.15
58,MC,0.00,0.00,0.00,0.00,0.00,0.00,0.00,0.00,0.00,0.00,0.00,0.00,0.00,0.00,0.00,0.00,128.85
59,MC,0.00,0.00,0.00,0.00,0.00,0.00,0.00,0.00,0.00,0.00,0.00,0.00,0.00,0.00,0.00,0.00,135.48
60,MC,227.19,0.00,0.00,0.00,0.00,0.00,0.00,0.00,0.00,0.00,0.00,0.00,0.00,0.00,0.18,0.00,0.00
61,MC,0.00,0.00,109.33,0.00,0.00,4.71,0.00,0.00,0.00,0.00,0.00,0.00,0.00,0.00,0.00,0.00,0.00
62,MC,0.00,26.37,240.64,0.00,0.00,0.00,0.00,0.00,0.00,0.00,0.00,0.00,0.00,0.00,0.00,0.00,1.74
63,MC,0.00,11.34,182.80,0.00,0.00,0.00,0.00,0.00,0.00,0.00,0.00,0.00,0.00,0.00,0.00,0.00,0.00
64,MC,0.39,0.00,64.25,0.00,0.00,0.00,0.00,0.00,0.00,0.00,0.00,0.00,0.00,0.00,0.00,0.00,0.00
65,MC,1.84,52.36,171.55,0.00,0.00,0.00,0.00,0.00,0.00,0.00,0.00,0.00,0.00,0.00,0.00,0.00,0.00
66,MC,43.68,0.00,25.27,0.00,0.00,0.00,0.00,0.00,0.00,0.00,0.00,0.00,0.00,0.00,0.00,0.00,51.30
67,MC,289.02,0.00,4.91,0.00,0.00,0.00,0.00,0.00,0.00,0.00,0.00,0.00,0.00,0.00,0.00,0.00,0.00
68,MC,68.78,0.00,0.00,0.00,0.00,0.00,0.00,0.00,0.00,0.00,0.00,0.00,0.00,0.00,0.00,0.00,0.00
69,MC,0.00,0.00,0.00,0.00,0.00,0.00,0.00,0.00,0.00,0.00,0.00,0.00,0.00,0.00,239.11,0.00,0.00
70,MC,0.00,0.00,0.00,0.00,0.00,0.00,0.00,0.00,0.00,0.00,0.00,0.00,0.00,0.00,482.86,0.00,0.00
71,MC,0.00,0.00,0.00,0.00,0.00,0.00,0.00,0.00,0.00,0.00,0.00,0.00,0.00,0.00,510.23,0.00,0.00
72,MC,0.00,0.00,0.00,0.00,0.00,0.00,0.00,0.00,0.00,0.00,0.00,0.00,0.00,0.00,415.83,0.00,0.00
73,MC,0.00,234.28,0.00,0.00,0.00,0.00,0.00,0.00,0.00,0.00,0.00,0.00,0.00,0.00,0.00,0.00,0.00
74,MC,18.23,162.39,0.00,0.00,0.00,0.00,0.00,0.00,0.00,0.00,0.00,0.00,0.00,0.00,0.00,0.00,0.00
75,MC,249.51,61.96,11.01,0.00,0.00,0.00,0.00,0.00,0.00,0.00,0.00,0.00,0.00,0.00,0.00,0.00,0.00
76,MC,123.01,11.82,0.00,0.00,0.00,0.00,0.00,0.00,0.00,0.00,0.00,0.00,0.00,0.00,0.00,0.00,0.00
77,MC,115.62,4.01,0.00,0.00,0.00,0.00,0.00,0.00,0.00,0.00,0.00,0.00,0.00,0.00,0.00,0.00,0.00
78,MC,1.40,0.00,0.00,0.00,0.00,0.00,0.00,0.00,0.00,0.00,0.00,0.00,0.00,0.00,0.00,0.00,234.87
79,MC,23.67,0.00,66.42,0.00,0.00,0.00,0.00,0.00,0.00,0.00,0.00,0.00,0.00,0.00,0.00,0.00,14.14
80,MC,2.79,0.00,340.99,0.00,0.00,0.00,0.00,0.00,0.00,0.00,0.00,0.00,0.00,0.00,0.00,0.00,4.55
82,MC,51.55,216.90,0.00,0.00,0.00,0.00,0.00,0.00,0.00,0.00,0.00,0.00,0.00,0.00,0.00,0.00,0.00
83,MC,0.00,10.59,191.62,0.00,0.00,0.00,0.00,0.00,0.00,0.00,0.00,0.00,0.00,0.00,0.00,0.00,0.00
84,MC,0.00,0.00,0.00,0.00,0.00,0.00,0.00,0.00,0.00,0.00,0.00,0.00,0.00,0.00,0.00,0.00,202.35
85,MC,0.00,0.00,60.68,0.00,0.00,0.00,0.00,0.00,0.00,0.00,0.00,0.00,0.00,0.00,0.00,0.00,0.00
87,MC,0.00,0.00,35.49,0.00,0.00,0.00,0.00,0.00,0.00,0.00,0.00,0.00,0.00,0.00,0.00,0.00,0.00
88,MC,140.57,20.19,0.00,0.00,0.00,0.00,0.00,0.00,0.00,0.00,0.00,0.00,0.00,0.00,0.00,0.00,0.00
89,MC,110.66,0.00,0.00,0.00,0.00,0.00,0.00,0.00,0.00,0.00,0.00,0.00,0.00,0.00,0.00,0.00,0.00
90,MC,150.65,0.00,0.49,0.00,0.00,0.00,0.00,0.00,0.00,0.00,0.00,0.00,0.00,0.00,0.00,0.00,0.00
91,MC,255.12,0.00,4.52,0.00,0.00,0.00,0.00,0.00,0.00,0.00,0.00,0.00,0.00,0.00,0.00,0.00,0.00
92,MC,264.09,0.00,0.00,0.00,0.00,0.00,0.00,0.00,0.00,0.00,0.00,0.00,0.00,0.00,0.00,0.00,0.00
93,MC,74.57,0.00,0.00,0.00,0.00,0.00,0.00,0.00,0.00,0.00,0.00,0.00,0.00,0.00,0.00,0.00,0.00
94,MC,207.72,11.09,0.00,0.00,0.00,0.00,0.00,0.00,0.00,0.00,0.00,0.00,0.00,0.00,0.00,0.00,0.00
95,MC,27.09,253.55,0.00,0.00,0.00,0.00,0.00,0.00,0.00,0.00,0.00,0.00,0.00,0.00,0.00,0.00,0.00
96,MC,0.00,42.63,0.00,0.00,0.00,0.00,0.00,0.00,0.00,0.00,0.00,0.00,0.00,0.00,0.00,0.00,0.00
99,MC,0.00,31.93,150.54,0.00,0.00,0.00,0.00,0.00,0.00,0.00,0.00,0.00,0.00,0.00,0.00,0.00,0.00
100,MC,34.13,166.35,0.00,0.00,0.00,0.00,0.00,0.00,0.00,0.00,0.00,0.00,0.00,0.00,0.00,0.00,0.00
101,MC,223.19,0.00,0.00,0.00,0.00,0.00,0.00,0.00,0.00,0.00,0.00,0.00,0.00,0.00,0.00,0.00,0.00
102,MC,147.47,0.00,0.00,0.00,0.00,0.00,0.00,0.00,0.00,0.00,0.00,0.00,0.00,0.00,0.00,0.00,0.00
103,MC,149.42,23.21,0.00,0.00,0.00,0.00,0.00,0.00,0.00,0.00,0.00,0.00,0.00,0.00,0.00,0.00,0.00
104,MC,173.30,6.64,0.00,0.00,0.00,0.00,0.00,0.00,0.00,0.00,0.00,0.00,0.00,0.00,0.00,0.00,0.00
105,MC,78.59,106.95,0.00,0.00,0.00,0.00,0.00,0.00,0.00,0.00,0.00,0.00,0.00,0.00,0.00,0.00,0.00
106,MC,4.99,21.85,6.46,0.00,0.00,0.00,0.00,0.00,0.00,0.00,0.00,0.00,0.00,0.00,0.00,0.00,0.00
107,MC,35.30,0.00,49.27,0.00,0.00,0.00,0.00,0.00,0.00,0.00,0.00,0.00,0.00,0.00,0.00,0.00,45.88
108,MC,19.36,0.00,58.46,0.00,0.00,0.00,0.00,0.00,0.00,0.00,0.00,0.00,0.00,0.00,0.00,0.00,19.07
109,MC,0.00,0.00,0.00,0.00,0.00,0.00,0.00,0.00,0.00,0.00,0.00,0.00,0.00,0.00,0.00,0.00,291.25
110,MC,3.29,0.00,1.23,0.00,0.00,0.00,0.00,0.00,0.00,0.00,0.00,0.00,0.00,0.00,0.00,0.00,125.78
111,MC,0.00,0.00,0.00,0.00,0.00,0.00,0.00,0.00,0.00,0.00,0.00,0.00,0.00,0.00,0.00,0.00,161.78
112,MC,294.65,0.00,6.89,0.00,0.00,0.00,0.00,0.00,0.00,0.00,0.00,0.00,0.00,0.00,0.00,0.00,0.00
113,MC,0.00,0.00,0.00,0.00,0.00,0.00,0.00,0.00,0.00,0.00,0.00,0.00,0.00,0.00,0.00,0.00,109.61
114,MC,344.41,0.00,0.00,0.00,0.00,0.00,0.00,0.00,0.00,0.00,0.00,0.00,0.00,0.00,0.00,0.00,0.00
115,MC,96.95,0.00,0.00,0.00,0.00,0.00,0.00,0.00,0.00,0.00,0.00,0.00,0.00,0.00,0.00,0.00,0.00
116,MC,105.66,0.00,0.00,0.00,0.00,0.00,0.00,0.00,0.00,0.00,0.00,0.00,0.00,0.00,15.92,0.00,0.00
117,MC,284.42,0.00,0.00,0.00,0.00,0.00,0.00,0.00,0.00,0.00,0.00,0.00,0.00,0.00,0.00,0.00,0.00
118,MC,0.00,0.00,0.00,0.00,0.00,0.00,0.00,0.00,0.00,0.00,0.00,0.00,0.00,0.00,5.96,0.00,118.84
119,MC,0.00,0.00,0.00,0.00,0.00,0.00,0.00,0.00,0.00,0.00,0.00,0.00,0.00,0.00,0.00,0.00,158.63
120,MC,69.95,0.00,0.00,0.00,0.00,0.00,0.00,0.00,0.00,0.00,0.00,0.00,0.00,0.29,24.27,0.00,1.74
121,MC,0.00,0.00,0.00,0.00,0.00,0.00,0.00,0.00,0.00,0.00,0.00,0.00,0.00,0.00,0.00,0.00,164.53
122,MC,107.01,3.59,21.49,0.00,0.00,0.00,0.00,0.00,0.00,0.00,0.00,0.00,0.00,0.00,0.00,0.00,10.49
123,MC,0.00,0.00,0.00,0.00,0.00,0.00,0.00,0.00,0.00,0.00,0.00,0.00,0.00,0.00,253.75,0.00,0.00
124,MC,0.00,0.00,0.00,0.00,0.00,0.00,0.00,0.00,0.00,0.00,0.00,0.00,0.00,0.00,171.37,0.00,0.00
128,MC,11.35,0.00,0.00,0.00,0.00,0.00,0.00,0.00,0.00,0.00,0.00,0.00,0.00,0.00,619.62,0.00,0.00
129,MC,196.08,0.00,0.00,0.00,0.00,0.00,0.00,0.00,0.00,0.00,0.00,0.00,0.00,0.00,0.48,0.00,0.00
131,MC,94.01,0.00,0.00,0.00,0.00,0.00,0.00,0.00,0.00,0.00,0.00,0.00,0.00,0.00,0.00,0.00,0.00
132,MC,107.15,0.00,0.00,0.00,0.00,0.00,0.00,0.00,0.00,0.00,0.00,0.00,0.00,0.00,0.00,0.00,0.00
133,MC,0.00,0.00,0.00,0.00,0.00,0.00,0.00,0.00,0.00,0.00,0.00,0.00,0.00,0.00,15.50,0.00,0.00
134,MC,374.62,0.00,0.00,0.00,0.00,0.00,0.00,0.00,0.00,0.00,0.00,0.00,0.00,0.00,0.00,0.00,0.00
135,MC,6.76,16.29,153.12,0.00,0.00,0.00,0.00,0.00,0.00,0.00,0.00,0.00,0.00,0.00,0.00,0.00,0.00
136,MC,0.00,0.00,0.00,0.00,0.00,0.00,0.00,0.00,0.00,0.00,0.00,0.00,0.00,0.00,0.00,0.00,226.18
137,MC,0.00,0.00,0.00,0.00,0.00,0.00,0.00,0.00,0.00,0.00,0.00,0.00,0.00,0.00,0.00,0.00,185.63
138,MC,0.00,0.00,19.03,0.00,0.00,0.00,0.00,0.00,0.00,0.00,0.00,0.00,0.00,0.00,0.00,0.00,177.22
139,MC,0.00,0.00,0.00,0.00,0.00,0.00,0.00,0.00,0.00,0.00,0.00,0.00,0.00,0.00,0.00,0.00,258.71
140,MC,0.00,185.13,85.56,0.00,0.00,0.00,0.00,0.00,0.00,0.00,0.00,0.00,0.00,0.00,0.00,0.00,0.00
141,MC,0.00,0.00,40.29,0.00,0.00,0.00,0.00,0.00,0.00,0.00,0.00,0.00,0.00,0.00,0.00,0.00,166.33
142,MC,0.00,149.01,37.64,0.00,0.00,0.00,0.00,0.00,0.00,0.00,0.00,0.00,0.00,0.00,0.00,0.00,0.00
143,MC,3.60,1.72,218.56,0.00,0.00,0.00,0.00,0.00,0.00,0.00,0.00,0.00,0.00,0.00,0.00,0.00,0.00
144,MC,0.00,0.00,91.13,0.00,0.00,0.00,0.00,0.00,0.00,0.00,0.00,0.00,0.00,0.00,0.00,0.00,0.00
145,MC,2.38,11.24,376.58,0.00,0.00,0.00,0.00,0.00,0.00,0.00,0.00,0.00,0.00,0.00,0.00,0.00,3.49
146,MC,0.00,130.42,15.79,0.00,0.00,0.00,0.00,0.00,0.00,0.00,0.00,0.00,0.00,0.00,0.00,0.00,0.00
147,MC,0.00,33.22,1.50,0.00,0.00,0.00,0.00,0.00,0.00,0.00,0.00,0.00,0.00,0.00,0.00,0.00,0.00
148,MC,0.00,17.27,353.34,0.00,0.00,0.00,0.00,0.00,0.00,0.00,0.00,0.00,0.00,0.00,0.00,0.00,0.00
150,MC,0.00,0.00,0.00,0.00,0.00,0.00,0.00,0.00,0.00,0.00,0.00,0.00,0.00,0.00,0.00,0.00,336.68
151,MC,0.00,0.00,7.54,0.00,0.00,0.00,0.00,0.00,0.00,0.00,0.00,0.00,0.00,0.00,0.00,0.00,197.23
152,MC,0.00,0.00,0.00,0.00,0.00,0.00,0.00,0.00,0.00,0.00,0.00,0.00,0.00,0.00,0.00,0.00,214.16
153,MC,0.00,24.80,189.50,0.00,0.00,0.00,9.83,0.00,0.00,0.00,0.00,0.00,0.00,0.00,0.00,0.00,0.00
154,MC,0.00,0.00,67.19,0.00,0.00,0.00,0.00,0.00,0.00,0.00,0.00,0.00,0.00,0.00,0.00,0.00,6.47
155,MC,6.73,15.08,393.04,0.00,0.00,0.00,0.00,0.00,0.00,0.00,0.00,0.00,0.00,0.00,0.00,0.00,0.00
156,MC,7.32,6.18,224.00,0.00,0.00,0.00,0.00,0.00,0.00,0.00,0.00,0.00,0.00,0.00,0.00,0.00,7.93
157,MC,25.72,0.00,127.32,0.00,0.00,0.00,0.00,0.00,0.00,0.00,0.00,0.00,0.00,0.00,0.00,0.00,5.62
158,MC,364.84,4.72,0.00,0.00,0.00,0.00,0.00,0.00,0.00,0.00,0.00,0.00,0.00,0.00,0.00,0.00,0.00
159,MC,50.88,0.00,57.56,0.00,0.00,0.00,0.00,0.00,0.00,0.00,0.00,0.00,0.00,0.00,0.00,0.00,42.98
160,MC,134.51,0.00,0.00,0.00,0.00,0.00,0.00,0.00,0.00,0.00,0.00,0.00,0.00,0.00,20.13,0.00,0.00
161,MC,0.00,0.00,0.00,0.00,0.00,0.00,0.00,0.00,0.00,0.00,0.00,0.00,0.00,0.00,0.00,0.00,256.15
162,MC,50.50,0.00,0.00,0.00,0.00,0.00,0.00,0.00,0.00,0.00,0.00,0.00,0.00,0.00,19.88,0.00,0.00
163,MC,51.22,0.00,0.00,0.00,0.00,0.00,0.00,0.00,0.00,0.00,0.00,0.00,0.00,0.00,0.00,0.00,8.57
164,MC,0.00,0.00,0.00,0.00,0.00,0.00,0.00,0.00,0.00,0.00,0.00,0.00,0.00,0.00,0.00,0.00,200.23
165,MC,0.00,0.00,0.00,0.00,0.00,0.00,0.00,0.00,0.00,0.00,0.00,0.00,0.00,214.06,28.94,0.00,0.00
167,MC,257.31,0.00,0.00,0.00,0.00,0.00,0.00,0.00,0.00,0.00,0.00,0.00,0.00,0.00,0.00,0.00,0.00
171,MC,103.39,0.00,0.00,0.00,0.00,0.00,0.00,0.00,0.00,0.00,0.00,0.00,0.00,0.00,5.96,0.00,0.00
172,MC,0.00,0.00,0.00,0.00,0.00,0.00,0.00,0.00,0.00,0.00,0.00,0.00,0.00,0.00,0.00,0.00,135.93
173,MC,0.00,0.00,0.00,0.00,0.00,0.00,0.00,0.00,0.00,199.16,0.00,0.00,0.00,0.73,0.00,0.00,0.00
174,MC,0.00,0.00,0.00,0.00,0.00,0.00,0.00,0.00,0.00,0.00,0.00,0.00,0.00,292.07,7.34,0.00,0.00
176,MC,0.00,0.00,0.00,0.00,0.00,0.00,0.00,0.00,0.00,0.00,0.00,0.00,0.00,0.00,326.40,0.00,0.00
177,MC,0.00,0.00,0.00,0.00,0.00,0.00,0.00,0.00,0.00,0.00,0.00,0.00,0.00,0.00,227.82,0.00,0.00
178,MC,0.00,0.00,0.00,0.00,0.00,0.00,0.00,0.00,4.72,3.03,0.40,0.00,312.74,0.00,0.00,0.00,0.00
179,MC,0.00,0.00,0.00,0.00,0.00,0.00,0.00,0.00,0.00,0.00,0.00,0.00,0.00,0.00,0.00,0.00,269.53
180,MC,0.00,0.00,0.00,0.00,0.00,0.00,0.00,0.00,0.00,0.00,0.00,0.00,0.00,0.00,0.00,0.00,236.27
181,MC,0.00,0.00,0.00,0.00,0.00,0.00,0.00,0.00,0.00,0.00,0.00,0.00,0.00,0.00,0.00,0.00,293.71
182,MC,0.00,308.62,144.54,0.00,0.00,0.00,0.00,0.00,0.00,0.00,0.00,0.00,0.00,0.00,0.00,0.00,0.00
183,MC,0.00,23.89,221.15,0.00,0.00,0.00,0.00,0.00,0.00,0.00,0.00,0.00,0.00,0.00,0.00,0.00,54.06
184,MC,5.30,0.00,19.60,0.00,0.00,0.00,0.00,0.00,0.00,0.00,0.00,0.00,0.00,0.00,0.00,0.00,203.15
185,MC,0.00,206.54,58.90,0.00,0.00,0.00,0.00,0.00,0.00,0.00,0.00,0.00,0.00,0.00,0.00,0.00,0.00
186,MC,0.00,0.00,252.27,0.00,0.00,0.69,0.00,0.00,0.00,0.00,0.00,0.00,0.00,0.00,0.00,0.00,0.00
187,MC,0.00,0.00,0.00,0.00,0.00,0.00,0.00,0.00,0.00,0.00,0.00,0.00,0.00,0.00,0.00,0.00,262.52
188,MC,0.00,0.00,0.00,0.00,0.00,0.00,0.00,0.00,0.00,0.00,0.00,0.00,0.00,0.00,0.00,0.00,295.71
189,MC,5.30,0.00,0.00,0.00,0.00,0.00,0.00,0.00,0.00,0.00,0.00,0.00,0.00,0.00,0.00,0.00,189.81
190,MC,0.00,0.00,0.00,0.00,0.00,0.00,0.00,0.00,0.00,0.00,0.00,0.00,0.00,0.00,0.00,0.00,244.36
191,MC,0.00,0.00,0.00,0.00,0.00,0.00,0.00,0.00,0.00,0.00,0.00,0.00,0.00,0.00,0.00,0.00,230.72
192,MC,0.00,0.00,0.00,0.00,1.78,0.00,0.00,0.00,0.00,0.00,0.00,0.00,0.00,0.00,0.00,0.00,254.05
193,MC,0.00,0.00,0.00,0.00,0.00,0.00,0.00,0.00,0.00,0.00,0.00,0.00,0.00,0.00,0.00,0.00,280.03
194,MC,0.00,0.00,0.00,0.00,0.00,0.00,0.00,0.00,0.00,0.00,0.00,0.00,0.00,0.00,0.00,0.00,152.56
195,MC,0.00,92.97,124.55,0.00,0.00,0.00,0.00,0.00,0.00,0.00,0.00,0.00,0.00,0.00,0.00,0.00,0.00
199,MC,4.33,115.64,0.00,0.00,0.00,0.00,0.00,0.00,0.00,0.00,0.00,0.00,0.00,0.00,0.00,0.00,0.00
200,MC,128.97,3.71,0.00,0.00,0.00,0.00,0.00,0.00,0.00,0.00,0.00,0.00,0.00,0.00,0.00,0.00,0.00
201,MC,151.64,2.95,0.00,0.00,0.00,0.00,0.00,0.00,0.00,0.00,0.00,0.00,0.00,0.00,0.00,0.00,0.00
202,MC,0.00,0.00,50.94,0.00,0.00,0.00,0.00,0.00,0.00,0.00,0.00,0.00,0.00,0.00,0.00,0.00,0.56
203,MC,0.59,0.00,0.00,0.00,0.00,0.00,0.00,0.00,0.00,0.00,0.00,0.00,0.00,0.00,481.44,0.00,0.00
204,MC,109.94,0.00,0.00,0.00,0.00,0.00,0.00,0.00,0.00,0.00,0.00,0.00,0.00,0.00,0.00,0.00,0.00
205,MC,0.00,0.00,0.00,0.00,0.00,0.00,0.00,0.00,0.00,0.00,0.00,0.00,0.00,0.00,483.92,0.00,0.00
206,MC,99.16,0.00,4.33,0.00,0.00,0.00,0.00,0.00,0.00,0.00,0.00,0.00,0.00,0.00,0.00,0.00,0.00
207,MC,0.00,0.00,30.25,0.00,0.00,0.00,0.00,0.00,0.00,0.00,0.00,0.00,0.00,0.00,0.00,0.00,177.13
208,MC,127.90,0.00,0.00,0.00,0.00,0.00,0.00,0.00,0.00,0.00,0.00,0.00,0.00,0.00,0.00,0.00,0.00
209,MC,212.16,73.40,3.61,0.00,0.00,0.00,0.00,0.00,0.00,0.00,0.00,0.00,0.00,0.00,0.00,0.00,0.00
210,MC,168.20,0.00,0.00,0.00,0.00,0.00,0.00,0.00,0.00,0.00,0.00,0.00,0.00,0.00,0.00,0.00,0.00
211,MC,0.00,0.00,0.00,0.00,0.00,0.00,0.00,0.00,0.00,0.00,0.00,0.00,0.00,2.07,451.26,0.00,0.00
215,MC,4.87,6.13,220.33,0.00,0.00,0.00,0.00,0.00,0.00,0.00,0.00,0.00,0.00,0.00,0.00,0.00,0.00
216,MC,128.13,19.78,0.00,0.00,0.00,0.00,0.00,0.00,0.00,0.00,0.00,0.00,0.00,0.00,0.00,0.00,0.00
217,MC,223.74,0.00,0.00,0.00,0.00,0.00,0.00,0.00,0.00,0.00,0.00,0.00,0.00,0.00,0.00,0.00,0.00
218,MC,0.00,0.00,0.00,0.00,0.00,0.00,0.00,0.00,0.00,0.00,0.00,0.00,0.00,0.00,0.00,0.00,273.42
219,MC,0.00,0.00,0.00,0.00,0.00,0.00,0.00,0.00,0.00,0.00,0.00,0.00,0.00,0.00,0.00,0.00,309.75
220,MC,0.00,0.00,0.00,0.00,0.00,0.00,0.00,0.00,0.00,0.00,0.00,0.00,0.00,0.00,0.00,0.00,119.12
221,MC,0.00,0.00,0.00,0.00,0.00,0.00,0.00,0.00,0.00,0.00,0.00,0.00,0.00,0.00,0.00,0.00,158.27
222,MC,0.00,0.00,0.00,0.00,0.00,0.00,0.00,0.00,0.00,0.00,0.00,0.00,0.00,0.00,0.00,0.00,241.92
225,MC,106.88,204.52,8.24,0.00,0.00,0.00,0.00,0.00,0.00,0.00,0.00,0.00,0.00,0.00,0.00,0.00,0.00
226,MC,0.00,231.54,33.14,0.00,0.00,0.00,0.00,0.00,0.00,0.00,0.00,0.00,0.00,0.00,0.00,0.00,0.00
227,MC,0.00,289.46,32.34,0.00,0.00,0.00,0.00,0.00,0.00,0.00,0.00,0.00,0.00,0.00,0.00,0.00,0.00
229,MC,210.49,0.00,0.00,0.00,0.00,0.00,0.00,0.00,0.00,0.00,0.00,0.00,0.00,0.00,0.00,0.00,0.00
231,MC,3.53,0.00,202.42,0.00,0.00,0.00,0.00,0.00,0.00,0.00,0.00,0.00,0.00,0.00,0.00,0.00,0.00
233,MC,0.00,0.00,68.45,0.00,0.00,0.00,0.00,0.00,0.00,0.00,0.00,0.00,0.00,0.00,0.00,0.00,21.99
234,MC,4.62,0.00,0.00,0.00,0.00,0.00,0.00,0.00,0.00,0.00,0.00,0.00,0.00,0.00,0.00,0.00,237.07
235,MC,231.90,0.00,0.00,0.00,0.00,0.00,0.00,0.00,0.00,0.00,0.00,0.00,0.00,0.00,0.00,0.00,0.00
236,MC,12.37,71.50,129.95,0.00,0.00,0.00,0.00,0.00,0.00,0.00,0.00,0.00,0.00,0.00,0.00,0.00,1.21
238,MC,0.00,255.28,37.60,0.00,0.00,0.00,0.00,0.00,0.00,0.00,0.00,0.00,0.00,0.00,0.00,0.00,0.00
239,MC,0.00,233.48,0.00,0.00,0.00,0.00,0.00,0.00,0.00,0.00,0.00,0.00,0.00,0.00,0.00,0.00,0.00
240,MC,0.00,0.00,0.00,0.00,0.00,0.00,0.00,0.00,0.00,0.00,0.00,0.00,0.00,0.00,0.00,0.00,168.80
241,MC,31.32,0.00,0.00,0.00,0.00,0.00,0.00,0.00,0.00,0.00,0.00,0.00,0.00,1.90,10.94,0.00,0.00
243,MC,0.00,0.00,0.00,0.00,0.00,0.00,0.00,0.00,0.00,0.00,0.00,0.00,0.00,0.00,0.00,0.00,170.00
244,MC,0.00,0.00,0.00,0.00,0.00,0.00,0.00,0.00,0.00,0.00,0.00,0.00,0.00,0.00,0.00,0.00,210.22
245,MC,0.00,0.00,0.00,0.00,0.00,0.00,0.00,0.00,0.00,0.00,0.00,0.00,0.00,0.00,0.00,0.00,131.99
246,MC,0.00,0.00,0.00,0.00,0.00,0.00,0.00,0.00,0.00,0.00,0.00,0.00,0.00,0.00,0.00,0.00,216.83
247,MC,0.00,0.00,0.00,0.00,0.00,0.00,0.00,0.00,0.00,0.00,0.00,0.00,0.00,0.00,0.00,0.00,319.49
248,MC,0.00,0.00,0.00,0.00,0.00,0.00,0.00,0.00,17.15,14.76,14.08,0.00,229.94,0.00,0.00,0.00,0.00
249,MC,0.00,0.00,0.00,0.00,0.00,0.00,0.00,0.00,0.00,0.00,0.00,0.00,0.00,0.00,0.00,0.00,284.90
250,MC,0.50,322.79,52.67,0.00,0.00,0.00,0.00,0.00,0.00,0.00,0.00,0.00,0.00,0.00,0.00,0.00,0.00
251,MC,23.35,48.36,350.17,0.00,0.00,0.00,0.00,0.00,0.00,0.00,0.00,0.00,0.00,0.00,0.00,0.00,43.28
252,MC,0.00,0.00,4.10,0.00,0.00,0.00,0.00,0.00,0.00,0.00,0.00,0.00,0.00,0.00,0.00,0.00,212.36
253,MC,0.00,0.00,24.37,0.00,0.00,0.00,0.00,0.00,0.00,0.00,0.00,0.00,0.00,0.00,0.00,0.00,213.11
254,MC,0.00,0.00,8.71,0.00,0.00,0.00,0.00,0.00,0.00,0.00,0.00,0.00,0.00,0.00,0.00,0.00,269.39
255,MC,0.00,244.57,0.00,0.00,0.00,0.00,0.00,0.00,0.00,0.00,0.00,0.00,0.00,0.00,0.00,0.00,0.00
256,MC,0.00,222.72,0.00,0.00,0.00,0.00,0.00,0.00,0.00,0.00,0.00,0.00,0.00,0.00,0.00,0.00,0.00
257,MC,0.00,128.10,2.79,0.00,0.00,0.00,0.00,0.00,0.00,0.00,0.00,0.00,0.00,0.00,0.00,0.00,0.00
258,MC,0.00,199.43,23.61,0.00,0.00,0.00,0.00,0.00,0.00,0.00,0.00,0.00,0.00,0.00,0.00,0.00,0.00
259,MC,0.00,31.90,115.59,0.00,0.00,0.00,0.00,0.00,0.00,0.00,0.00,0.00,0.00,0.00,0.00,0.00,0.00
261,MC,0.00,302.71,0.00,0.00,0.00,0.00,0.00,0.00,0.00,0.00,0.00,0.00,0.00,0.00,0.00,0.00,0.00
262,MC,100.67,1.06,0.00,0.00,0.00,0.00,0.00,0.00,0.00,0.00,0.00,0.00,0.00,0.00,0.00,0.00,0.00
263,MC,0.00,0.00,0.00,0.00,0.00,0.00,0.00,0.00,0.00,221.64,0.00,0.00,0.00,0.79,0.00,0.00,0.00
264,MC,0.00,0.00,0.00,0.00,0.00,0.00,0.00,0.00,0.00,1.51,0.00,0.00,0.00,100.23,159.80,0.00,0.00
265,MC,0.00,0.00,0.00,0.00,0.00,0.00,0.00,0.00,0.00,0.00,0.00,0.00,0.00,432.96,4.00,0.00,0.00
266,MC,0.00,0.00,0.00,0.00,0.00,0.00,0.00,0.00,0.00,0.00,0.00,0.00,0.00,316.19,4.08,0.00,0.00
267,MC,0.00,0.00,0.00,0.00,0.00,0.00,0.00,0.00,531.67,0.00,0.00,0.00,4.15,0.00,0.00,0.00,0.00
268,MC,0.00,0.00,0.00,0.00,0.00,0.00,0.00,0.00,0.00,0.00,0.00,0.00,0.00,0.00,0.00,0.00,219.63
269,MC,0.00,0.00,0.00,0.00,0.00,0.00,0.00,0.00,0.00,0.00,0.00,0.00,0.00,0.00,0.00,0.00,257.16
270,MC,0.00,0.00,0.00,0.00,0.00,0.00,0.00,0.00,0.00,0.00,0.00,0.00,0.00,0.00,0.00,0.00,187.27
271,MC,0.00,0.00,0.00,0.00,0.00,0.00,0.00,0.00,0.00,0.00,0.00,0.00,0.00,0.00,0.00,0.00,247.41
272,MC,0.00,0.00,0.00,0.00,0.00,0.00,0.00,0.00,371.74,0.00,0.59,0.00,18.27,0.00,0.00,0.00,0.00
275,MC,0.00,0.00,0.00,0.00,0.00,0.00,0.00,0.00,209.73,0.00,0.89,0.00,0.00,0.00,0.00,0.00,0.00
276,MC,0.00,0.00,0.00,0.00,0.00,0.00,0.00,0.00,2.00,2.76,9.53,5.53,20.43,0.00,0.00,0.00,0.00
277,MC,0.00,0.00,0.00,0.00,0.00,0.00,0.00,0.00,0.00,0.00,0.00,151.42,0.00,0.00,0.00,0.00,0.00
278,MC,0.00,0.00,0.00,0.00,0.00,0.00,0.00,0.00,0.00,200.00,0.00,0.00,0.00,2.52,0.00,0.00,0.00
279,MC,0.00,0.00,0.00,0.00,0.00,0.00,0.00,0.00,0.00,258.89,0.00,0.00,0.00,4.31,0.00,0.00,0.00
280,MC,0.00,301.93,215.44,0.00,0.00,0.00,0.00,0.00,0.00,0.00,0.00,0.00,0.00,0.00,0.00,0.00,0.00
281,MC,0.00,0.00,2.44,0.00,0.00,0.00,0.00,0.00,0.00,0.00,0.00,0.00,0.00,0.00,0.00,0.00,188.04
282,MC,0.00,0.00,2.78,0.00,0.00,0.00,0.00,0.00,0.00,0.00,0.00,0.00,0.00,0.00,0.00,0.00,185.75
283,MC,0.00,0.00,0.00,0.00,2.93,0.00,0.00,0.00,0.00,0.00,0.00,0.00,0.00,0.00,0.00,0.00,228.05
284,MC,0.00,0.00,5.79,0.00,1.28,0.00,0.00,0.00,0.00,0.00,0.00,0.00,0.00,0.00,0.00,0.00,257.23
285,MC,0.00,0.00,0.00,0.00,0.00,0.00,0.00,0.00,0.00,0.00,0.00,0.00,0.00,0.00,0.00,0.00,158.83
286,MC,0.00,0.00,5.40,0.00,0.00,0.00,0.00,0.00,0.00,0.00,0.00,0.00,0.00,0.00,0.00,0.00,172.72
287,MC,3.92,0.00,0.00,0.00,0.00,0.00,0.00,0.00,0.00,0.00,0.00,0.00,0.00,0.00,0.00,0.00,219.10
289,MC,0.00,0.00,0.00,0.00,0.00,0.00,0.00,0.00,0.00,0.00,0.00,0.00,0.00,0.00,0.00,0.00,221.29
290,MC,0.00,0.00,0.00,0.00,0.00,0.00,0.00,0.00,0.00,0.00,0.00,0.00,0.00,0.00,0.00,0.00,188.17
291,MC,0.00,0.00,0.00,0.00,216.51,1.49,0.00,0.00,0.00,0.00,0.00,0.00,0.00,0.00,0.00,0.00,0.00
292,MC,0.00,0.00,210.66,0.00,0.00,0.00,0.00,0.00,0.00,0.00,0.00,0.00,0.00,0.00,0.00,0.00,0.00
293,MC,3.27,0.00,17.40,0.00,0.00,0.00,0.00,0.00,0.00,0.00,0.00,0.00,0.00,0.00,0.00,0.00,153.11
294,MC,0.00,176.64,39.07,0.00,0.00,0.00,0.00,0.00,0.00,0.00,0.00,0.00,0.00,0.00,0.00,0.00,0.00
295,MC,0.00,0.00,140.96,0.00,0.00,0.00,0.00,0.00,0.00,0.00,0.00,0.00,0.00,0.00,0.00,0.00,0.00
296,MC,109.14,0.00,0.00,0.00,0.00,0.00,0.00,0.00,0.00,0.00,0.00,0.00,0.00,0.00,0.00,0.00,0.00
298,MC,46.82,126.89,6.77,0.00,0.00,0.00,0.00,0.00,0.00,0.00,0.00,0.00,0.00,0.00,0.00,0.00,0.00
299,MC,0.00,171.86,56.83,0.00,0.00,0.00,0.00,0.00,0.00,0.00,0.00,0.00,0.00,0.00,0.00,0.00,0.00
300,MC,24.56,128.71,0.00,0.00,0.00,0.00,0.00,0.00,0.00,0.00,0.00,0.00,0.00,0.00,0.00,0.00,0.00
301,MC,119.46,250.23,21.20,0.00,0.00,0.00,0.00,0.00,0.00,0.00,0.00,0.00,0.00,0.00,0.00,0.00,0.00
302,MC,148.96,23.52,0.00,0.00,0.00,0.00,0.00,0.00,0.00,0.00,0.00,0.00,0.00,0.00,0.00,0.00,0.00
304,MC,1.23,441.16,0.00,0.00,0.00,0.00,0.00,0.00,0.00,0.00,0.00,0.00,0.00,0.00,0.00,0.00,0.00
305,MC,14.36,121.26,0.00,0.00,0.00,0.00,0.00,0.00,0.00,0.00,0.00,0.00,0.00,0.00,0.00,0.00,0.00
306,MC,39.74,165.42,1.68,0.00,0.00,0.00,0.00,0.00,0.00,0.00,0.00,0.00,0.00,0.00,0.00,0.00,0.00
307,MC,181.34,0.00,0.00,0.00,0.00,0.00,0.00,0.00,0.00,0.00,0.00,0.00,0.00,0.00,0.00,0.00,0.00
308,MC,92.77,0.00,0.00,0.00,0.00,0.00,0.00,0.00,0.00,0.00,0.00,0.00,0.00,0.00,0.00,0.00,0.00
309,MC,65.16,8.43,33.61,0.00,0.00,0.00,0.00,0.00,0.00,0.00,0.00,0.00,0.00,0.00,0.00,0.00,35.10
310,MC,0.00,0.00,0.00,0.00,0.00,0.00,0.00,0.00,0.00,0.00,0.00,0.00,0.00,0.00,0.00,0.00,152.27
311,MC,0.00,168.72,0.00,0.00,0.00,0.00,0.00,0.00,0.00,0.00,0.00,0.00,0.00,0.00,0.00,0.00,0.00
312,MC,0.00,0.00,0.00,0.00,0.00,0.00,0.00,0.00,0.00,0.00,0.00,0.00,0.00,0.00,33.12,0.00,0.00
313,MC,0.00,0.00,0.00,0.00,0.00,0.00,0.00,0.00,0.00,0.00,0.00,1.65,0.00,1.80,289.28,0.00,0.00
314,MC,34.00,235.61,5.08,0.00,0.00,0.00,0.00,0.00,0.00,0.00,0.00,0.00,0.00,0.00,0.00,0.00,0.00
315,MC,0.00,303.36,1.00,0.00,0.00,0.00,0.00,0.00,0.00,0.00,0.00,0.00,0.00,0.00,0.00,0.00,0.00
316,MC,0.00,127.64,0.00,0.00,0.00,0.00,0.00,0.00,0.00,0.00,0.00,0.00,0.00,0.00,0.00,0.00,0.00
317,MC,0.00,170.89,60.60,0.00,0.00,0.00,0.00,0.00,0.00,0.00,0.00,0.00,0.00,0.00,0.00,0.00,0.00
318,MC,0.00,192.25,35.19,0.00,0.00,0.00,0.00,0.00,0.00,0.00,0.00,0.00,0.00,0.00,0.00,0.00,0.00
319,MC,0.00,0.00,2.57,0.00,0.00,0.00,0.00,0.00,0.00,0.00,0.00,0.00,0.00,0.00,0.00,0.00,284.39
320,MC,0.00,0.00,0.00,0.00,0.00,0.00,0.00,0.00,0.00,0.00,0.00,0.00,0.00,0.00,0.00,0.00,184.17
324,MC,0.00,0.00,0.00,0.00,0.00,0.00,0.00,0.00,0.00,0.00,0.00,0.00,0.00,0.00,0.00,0.00,84.02
325,MC,0.00,0.00,0.00,0.00,0.00,0.00,0.00,0.00,0.00,0.00,0.00,0.00,0.00,0.00,0.00,0.00,172.70
326,MC,150.68,0.00,0.00,0.00,0.00,0.00,0.00,0.00,0.00,0.00,0.00,0.00,0.00,0.00,0.00,0.00,0.00
327,MC,0.00,0.00,0.00,0.00,0.00,0.00,0.00,0.00,0.00,0.00,0.00,0.00,0.00,0.00,0.00,0.00,272.44
329,MC,0.00,0.00,0.00,0.00,0.00,0.00,0.00,0.00,0.00,0.00,0.00,0.00,0.00,0.00,239.19,0.00,0.00
330,MC,0.00,0.00,0.00,0.00,0.00,0.00,0.00,0.00,0.00,371.03,0.00,0.00,1.40,0.37,9.82,0.00,0.00
331,MC,0.00,0.00,0.00,0.00,0.00,0.00,0.00,0.00,0.00,0.00,0.00,13.13,0.00,0.00,0.00,0.00,0.00
332,MC,0.00,0.00,0.00,0.00,0.00,0.00,0.00,0.00,0.00,300.41,0.00,0.00,0.00,2.10,0.00,0.00,0.00
334,MC,0.00,2.56,137.10,0.00,0.00,0.00,0.00,0.00,0.00,0.00,0.00,0.00,0.00,0.00,0.00,0.00,0.00
335,MC,0.00,0.00,0.00,0.00,0.00,0.00,0.00,0.00,0.00,0.00,0.00,0.00,0.00,0.00,0.00,0.00,157.84
343,MC,0.00,0.00,0.00,0.00,0.00,0.00,0.00,0.00,0.00,0.00,0.00,0.00,0.00,0.00,0.00,0.00,100.44
344,MC,0.00,0.00,0.00,0.00,0.00,0.00,0.00,0.00,0.00,0.00,0.00,0.00,0.00,0.00,0.00,0.00,236.32
347,MC,0.00,45.70,0.00,0.00,0.00,0.00,0.00,0.00,0.00,0.00,0.00,0.00,0.00,15.26,0.00,0.00,0.00
348,MC,0.00,25.43,414.07,0.00,0.00,0.00,0.00,0.00,0.00,0.00,0.00,0.00,0.00,0.00,0.00,0.00,0.00
349,MC,128.23,159.20,2.30,0.00,0.00,0.00,0.00,0.00,0.00,0.00,0.00,0.00,0.00,0.00,0.00,0.00,0.00
350,MC,0.00,382.80,0.00,0.00,0.00,0.00,0.00,0.00,0.00,0.00,0.00,0.00,0.00,0.00,0.00,0.00,0.00
351,MC,0.00,217.48,46.99,0.00,0.00,0.00,0.00,0.00,0.00,0.00,0.00,0.00,0.00,0.00,0.00,0.00,0.00
352,MC,138.56,31.52,0.00,0.00,0.00,0.00,0.00,0.00,0.00,0.00,0.00,0.00,0.00,0.00,0.00,0.00,0.00
354,MC,0.00,230.60,0.00,0.00,0.00,0.00,0.00,0.00,0.00,0.00,0.00,0.00,0.00,0.00,0.00,0.00,0.00
356,MC,0.00,0.00,0.09,0.00,0.00,0.00,0.00,0.00,0.00,0.00,0.00,0.00,0.00,0.00,0.00,0.00,253.70
357,MC,0.00,0.00,80.55,0.00,0.00,26.76,45.22,0.00,0.00,0.00,0.00,0.00,0.00,0.00,0.00,0.00,0.00
358,MC,0.00,153.51,94.44,0.00,0.00,0.00,0.00,0.00,0.00,0.00,0.00,0.00,0.00,0.00,0.00,0.00,0.00
359,MC,0.00,0.00,0.00,0.00,0.00,0.00,0.00,0.00,368.57,0.00,0.30,0.00,6.58,0.00,0.00,0.00,0.00
360,MC,0.00,0.00,0.00,0.00,225.38,19.49,0.00,0.00,0.00,0.00,0.00,0.00,0.00,0.00,0.00,0.00,0.00
361,MC,0.00,0.00,0.00,0.00,0.00,0.00,0.00,0.00,0.00,0.00,0.00,0.00,0.00,0.00,0.00,0.00,237.65
362,MC,0.00,0.00,0.00,0.00,206.52,0.86,0.00,0.00,0.00,0.00,0.00,0.00,0.00,0.00,0.00,0.00,0.00
363,MC,0.00,0.00,0.00,0.00,184.23,32.07,0.00,0.00,0.00,0.00,0.00,0.00,0.00,0.00,0.00,0.00,0.00
364,MC,0.00,0.00,0.00,0.00,213.65,48.90,0.00,0.00,0.00,0.00,0.00,0.00,0.00,0.00,0.00,0.00,0.00
365,MC,0.00,0.00,199.93,0.00,0.00,0.00,0.00,0.00,0.00,0.00,0.00,0.00,0.00,0.00,0.00,0.00,0.00
366,MC,0.00,0.00,10.25,0.00,0.00,0.00,0.00,0.00,0.00,0.00,0.00,0.00,0.00,0.00,0.00,0.00,162.02
367,MC,0.00,0.00,2.59,0.00,0.00,0.00,0.00,0.00,0.00,0.00,0.00,0.00,0.00,0.00,0.00,0.00,289.79
368,MC,0.00,0.00,0.00,0.00,1.03,0.00,0.00,0.00,0.00,0.00,0.00,0.00,0.00,0.00,0.00,0.00,215.95
370,MC,0.00,0.00,0.00,0.00,0.00,0.00,0.00,0.00,0.00,0.00,0.00,0.00,0.00,0.00,0.00,0.00,342.75
371,MC,0.00,0.00,0.00,0.00,0.00,0.00,0.00,0.00,0.00,0.00,0.00,0.00,0.00,0.00,0.00,0.00,165.35
372,MC,0.00,0.00,0.00,0.00,0.00,0.00,0.00,0.00,0.00,0.00,0.00,0.00,0.00,0.00,0.00,0.00,279.70
373,MC,0.00,0.00,0.00,0.00,0.00,0.00,0.00,0.00,0.00,0.00,0.00,0.00,0.00,0.00,0.00,0.00,197.87
375,MC,0.00,0.00,0.00,0.00,0.00,0.00,0.00,0.00,211.32,0.00,1.94,0.00,12.21,0.00,0.00,0.00,0.00
376,MC,0.00,0.00,0.00,0.00,0.00,0.00,0.00,0.00,0.00,0.00,0.00,0.00,0.00,0.00,0.00,0.00,78.46
377,MC,1.19,0.00,0.00,0.00,0.00,0.00,0.00,0.00,0.00,0.00,0.00,0.00,0.00,0.00,0.00,0.00,179.18
378,MC,0.00,0.00,0.00,0.00,0.00,0.00,0.00,0.00,0.00,0.00,0.00,0.00,0.00,0.00,0.00,0.00,154.54
379,MC,0.00,0.00,0.00,0.00,0.00,0.00,0.00,0.00,0.00,0.00,0.00,0.00,0.00,0.00,0.00,0.00,88.81
380,MC,0.00,0.00,0.00,0.00,0.00,0.00,0.00,0.00,0.00,0.00,0.00,0.00,0.00,0.00,0.00,0.00,113.29
381,MC,0.00,0.00,0.00,0.00,0.00,0.00,0.00,0.00,0.00,0.00,0.00,0.00,0.00,0.00,0.00,0.00,220.24
382,MC,0.00,0.00,0.00,0.00,0.00,0.00,0.00,0.00,0.00,0.00,0.00,0.00,0.00,0.00,0.00,0.00,388.51
383,MC,0.00,0.00,0.00,0.00,0.00,0.00,0.00,0.00,0.00,0.00,0.00,0.00,0.00,0.00,0.00,0.00,303.33
384,MC,0.00,123.91,6.05,0.00,0.00,0.00,0.00,0.00,0.00,0.00,0.00,0.00,0.00,0.00,0.00,0.00,0.00
386,MC,0.00,0.00,0.00,0.00,0.00,0.00,0.00,0.00,0.00,0.00,0.00,0.00,0.00,0.00,0.00,0.00,267.57
387,MC,0.00,0.00,0.00,0.00,0.00,0.00,0.00,0.00,130.54,0.00,0.00,0.00,0.00,0.00,0.00,0.00,0.00
388,MC,0.00,0.00,0.00,0.00,0.00,0.00,0.00,0.00,0.00,31.31,0.00,107.45,0.00,0.00,0.00,0.00,0.00
389,MC,0.00,0.00,0.00,0.00,0.00,0.00,0.00,0.00,0.00,0.20,0.00,249.95,0.00,0.00,0.00,0.00,0.00
390,MC,0.00,0.00,0.00,0.00,0.00,0.00,0.00,0.00,0.00,0.00,0.00,176.41,0.00,0.00,0.00,0.00,0.00
391,MC,0.00,0.00,0.00,0.00,0.00,0.00,0.00,0.00,0.00,0.00,0.00,177.16,0.00,0.00,0.00,0.00,0.00
392,MC,0.00,0.00,0.00,0.00,0.00,0.00,0.00,0.00,260.13,0.00,1.65,0.00,34.09,0.00,0.00,0.00,0.00
397,MC,0.00,0.00,0.00,0.00,0.00,0.00,0.00,0.00,0.00,0.00,0.00,0.00,0.00,0.00,0.00,0.00,211.73
398,MC,0.00,0.00,0.00,0.00,1.68,0.00,0.00,0.00,0.00,0.00,0.00,0.00,0.00,0.00,0.00,0.00,276.95
399,MC,0.00,0.00,0.00,0.00,253.91,63.63,0.00,0.00,0.00,0.00,0.00,0.00,0.00,0.00,0.00,0.00,0.00
400,MC,0.00,0.00,0.00,0.00,0.00,125.74,0.00,0.10,0.00,0.00,0.00,0.00,0.00,0.00,0.00,0.00,0.00
401,MC,0.00,0.00,0.00,0.00,2.87,151.15,0.00,9.12,0.00,0.00,0.00,0.00,0.00,0.00,0.00,0.00,0.00
402,MC,0.00,0.00,0.00,0.00,0.00,5.36,193.91,0.00,0.00,0.00,0.00,0.00,0.00,0.00,0.00,0.00,0.00
403,MC,0.00,0.00,24.79,0.00,0.00,137.75,7.70,24.95,0.00,0.00,0.00,0.00,0.00,0.00,0.00,0.00,0.00
404,MC,0.00,0.00,10.53,0.00,0.00,136.01,22.32,43.53,0.00,0.00,0.00,0.00,0.00,0.00,0.00,0.00,0.00
405,MC,0.00,0.00,0.00,0.00,130.71,0.88,0.00,0.00,0.00,0.00,0.00,0.00,0.00,0.00,0.00,0.00,0.00
406,MC,0.00,0.00,0.00,0.00,176.38,48.83,0.00,0.00,0.00,0.00,0.00,0.00,0.00,0.00,0.00,0.00,0.66
407,MC,0.00,0.00,0.00,0.00,0.00,0.00,0.00,0.00,0.00,0.00,0.00,0.00,0.00,0.00,0.00,0.00,280.65
408,MC,0.00,0.00,0.00,0.00,0.00,0.00,0.00,0.00,0.00,0.00,0.00,0.00,0.00,0.00,0.00,0.00,252.92
409,MC,0.00,0.00,0.00,0.00,0.00,0.00,0.00,0.00,0.00,0.00,0.00,0.00,0.00,0.00,0.00,138.22,0.00
410,MC,0.00,0.00,0.00,0.00,0.00,0.00,0.00,0.00,0.00,0.00,0.00,0.00,0.00,0.00,0.00,0.00,113.38
413,MC,0.00,0.00,0.00,0.00,0.00,0.00,0.00,0.00,0.00,0.00,0.00,0.00,0.00,0.00,0.00,205.88,0.00
414,MC,0.00,0.00,185.22,0.00,0.00,0.00,0.00,0.00,0.00,0.00,0.00,0.00,0.00,0.00,0.00,0.00,0.00
415,MC,0.00,156.18,45.10,0.00,0.00,0.00,0.00,0.00,0.00,0.00,0.00,0.00,0.00,0.00,0.00,0.00,0.00
416,MC,0.00,24.11,152.25,0.00,0.00,0.00,0.00,0.00,0.00,0.00,0.00,0.00,0.00,0.00,0.00,0.00,1.81
417,MC,0.00,0.00,296.36,0.00,0.00,0.00,0.00,0.00,0.00,0.00,0.00,0.00,0.00,0.00,0.00,0.00,0.00
418,MC,0.00,0.00,219.21,0.00,0.00,8.14,0.00,0.00,0.00,0.00,0.00,0.00,0.00,0.00,0.00,0.00,0.00
419,MC,0.00,0.00,254.54,0.00,0.00,0.00,0.00,0.00,0.00,0.00,0.00,0.00,0.00,0.00,0.00,0.00,0.00
420,MC,0.00,1.00,179.11,0.00,0.00,0.00,0.00,0.00,0.00,0.00,0.00,0.00,0.00,0.00,0.00,0.00,0.00
421,MC,0.00,0.00,2.88,0.00,0.00,0.00,214.66,0.00,0.00,0.00,0.00,0.00,0.00,0.00,0.00,0.00,0.00
422,MC,166.79,2.57,0.00,0.00,0.00,0.00,0.00,0.00,0.00,0.00,0.00,0.00,0.00,0.00,0.00,0.00,0.00
423,MC,285.91,4.44,1.63,0.00,0.00,0.00,0.00,0.00,0.00,0.00,0.00,0.00,0.00,0.00,0.00,0.00,0.00
424,MC,216.03,65.96,0.00,0.00,0.00,0.00,0.00,0.00,0.00,0.00,0.00,0.00,0.00,0.00,0.00,0.00,0.00
425,MC,189.96,0.00,0.00,0.00,0.00,0.00,0.00,0.00,0.00,0.00,0.00,0.00,0.00,0.00,0.00,0.00,0.00
426,MC,0.00,273.90,0.00,0.00,0.00,0.00,0.00,0.00,0.00,0.00,0.00,0.00,0.00,0.00,0.00,0.00,0.00
428,MC,0.00,0.00,0.00,0.00,0.00,0.00,0.00,0.00,0.00,0.00,0.00,0.00,0.00,0.00,0.00,0.00,121.13
429,MC,0.00,0.00,0.00,0.00,0.00,0.00,0.00,0.00,0.00,239.72,0.00,0.00,0.00,1.63,0.00,0.00,0.00
430,MC,0.00,0.00,0.00,0.00,0.00,0.00,0.00,0.00,0.00,0.00,0.00,0.00,0.00,0.00,0.00,0.00,213.55
434,MC,51.44,0.00,0.00,0.00,0.00,0.00,0.00,0.00,0.00,0.00,0.00,0.00,0.00,0.00,0.00,0.00,0.00
435,MC,0.00,0.00,0.00,0.00,0.00,0.00,0.00,0.00,0.00,0.00,0.00,0.00,0.00,0.00,0.00,0.00,139.27
438,MC,0.00,0.00,0.00,0.00,0.00,0.00,0.00,0.00,0.00,0.00,0.00,0.00,0.00,0.00,0.00,0.00,184.84
439,MC,0.00,0.00,0.00,0.00,0.00,0.00,0.00,0.00,0.00,0.00,0.00,0.00,0.00,0.00,0.00,0.00,269.49
440,MC,0.00,0.00,0.00,0.00,0.00,0.00,0.00,0.00,0.00,0.00,0.00,0.00,0.00,0.00,0.00,0.00,216.69
441,MC,0.00,0.00,0.00,0.00,0.00,0.00,0.00,0.00,1.39,0.00,0.00,0.00,0.00,0.00,0.00,0.00,163.86
442,MC,0.00,0.00,0.00,0.00,0.00,0.00,0.00,0.00,45.07,0.00,16.53,0.00,233.92,0.00,0.00,0.00,0.00
444,MC,0.00,0.00,0.00,0.00,0.00,0.00,0.00,0.00,0.00,186.57,0.00,0.00,0.00,0.00,0.00,0.00,0.00
445,MC,0.00,0.00,0.00,0.00,0.00,0.00,0.00,0.00,0.00,35.88,0.00,0.00,0.00,0.00,0.00,0.00,0.00
451,MC,0.00,0.00,226.22,0.00,0.00,0.00,0.00,0.00,0.00,0.00,0.00,0.00,0.00,0.00,0.00,0.00,0.00
452,MC,1.49,62.73,104.08,0.00,0.00,0.00,0.00,0.00,0.00,0.00,0.00,0.00,0.00,0.00,0.00,0.00,0.00
453,MC,0.00,0.00,126.77,0.00,0.00,0.00,0.00,0.00,0.00,0.00,0.00,0.00,0.00,0.00,0.00,0.00,0.00
454,MC,0.00,0.00,0.00,0.00,0.00,0.00,0.00,0.00,0.00,0.00,0.00,0.00,0.00,0.00,0.00,0.00,154.27
455,MC,0.00,0.00,0.00,0.00,0.00,0.00,0.00,0.00,0.00,0.00,0.00,0.00,0.00,0.00,0.00,0.00,155.38
456,MC,0.00,0.00,0.00,0.00,0.00,0.00,0.00,0.00,0.00,0.00,0.00,0.00,0.00,0.00,0.00,0.00,243.65
457,MC,0.00,310.09,0.00,0.00,0.00,0.00,0.00,0.00,0.00,0.00,0.00,0.00,0.00,0.00,0.00,0.00,1.44
458,MC,0.00,168.49,12.40,0.00,0.00,0.00,0.00,0.00,0.00,0.00,0.00,0.00,0.00,0.00,0.00,0.00,0.00
459,MC,0.00,135.77,0.00,0.00,0.00,0.00,0.00,0.00,0.00,0.00,0.00,0.00,0.00,0.00,0.00,0.00,0.00
460,MC,0.00,191.94,72.06,0.00,0.00,0.00,0.00,0.00,0.00,0.00,0.00,0.00,0.00,0.00,0.00,0.00,0.00
461,MC,0.00,0.00,0.00,0.00,0.00,0.00,0.00,0.00,0.00,0.00,0.00,0.00,0.00,0.00,0.00,0.00,222.22
462,MC,0.00,0.00,1.56,0.00,0.00,0.00,0.00,0.00,0.00,0.00,0.00,0.00,0.00,0.00,0.00,0.00,223.94
463,MC,0.00,0.00,0.00,0.00,0.00,0.00,0.00,0.00,0.00,0.00,0.00,0.00,0.00,0.00,0.00,0.00,198.08
468,MC,0.00,173.78,20.26,0.00,0.00,0.00,0.00,0.00,0.00,0.00,0.00,0.00,0.00,0.00,0.00,0.00,0.00
469,MC,0.00,48.70,383.70,0.00,0.00,0.00,0.00,0.00,0.00,0.00,0.00,0.00,0.00,0.00,0.00,0.00,0.00
470,MC,0.00,130.08,0.00,0.00,0.00,0.00,0.00,0.00,0.00,0.00,0.00,0.00,0.00,0.00,0.00,0.00,0.00
471,MC,0.00,12.18,163.03,0.00,0.00,0.00,0.00,0.00,0.00,0.00,0.00,0.00,0.00,0.00,0.00,0.00,0.00
474,MC,0.00,0.00,0.00,0.00,0.00,0.00,0.00,0.00,0.00,58.84,0.00,0.00,0.00,103.97,3.90,0.00,0.00
475,MC,0.00,0.00,0.00,0.00,0.00,0.00,0.00,0.00,0.00,0.00,0.00,0.00,0.00,0.00,0.00,0.00,351.29
485,MC,0.00,29.50,126.13,0.00,0.00,0.00,0.00,0.00,0.00,0.00,0.00,0.00,0.00,0.00,0.00,0.00,0.00
486,MC,0.00,0.00,253.69,0.00,0.00,3.46,0.00,0.00,0.00,0.00,0.00,0.00,0.00,0.00,0.00,0.00,0.00
487,MC,0.00,0.00,0.00,0.00,12.29,0.00,0.00,0.00,0.00,0.00,0.00,0.00,0.00,0.00,0.00,0.00,151.70
489,MC,0.00,0.00,0.00,0.00,17.55,169.28,0.00,0.00,0.00,0.00,0.00,0.00,0.00,0.00,0.00,0.00,0.00
492,MC,0.00,0.00,0.00,0.00,0.00,0.00,0.00,0.00,253.76,0.00,1.01,0.00,8.50,0.00,0.00,0.00,0.00
493,MC,0.00,0.00,0.00,0.00,0.00,0.00,0.00,0.00,16.38,0.00,22.02,0.00,303.22,0.00,0.00,0.00,0.00
495,MC,0.00,0.00,0.00,0.00,0.00,0.00,0.00,0.00,0.00,0.00,0.20,209.82,0.00,0.00,0.00,0.00,0.00
497,MC,0.00,0.00,0.00,0.00,165.15,0.00,0.00,0.00,0.00,0.00,0.00,0.00,0.00,0.00,0.00,143.21,0.00
499,MC,0.00,0.00,0.00,0.00,17.48,243.50,0.00,0.00,0.00,0.00,0.00,0.00,0.00,0.00,0.00,0.00,0.00
501,MC,0.00,29.00,290.24,0.00,0.00,2.10,0.50,0.00,0.00,0.00,0.00,0.00,0.00,0.00,0.00,0.00,0.00
502,MC,0.00,0.00,0.00,0.00,10.41,211.08,0.00,0.00,0.00,0.00,0.00,0.00,0.00,0.00,0.00,0.00,0.00
503,MC,0.00,0.00,0.00,0.00,0.00,66.30,28.78,6.96,0.00,0.00,0.00,0.00,0.00,0.00,0.00,0.00,0.00
505,MC,0.00,0.00,0.00,0.00,0.00,0.00,0.00,0.00,0.00,0.00,0.00,0.00,0.00,0.00,0.00,0.00,383.98
506,MC,0.00,0.00,0.00,0.00,0.00,0.00,0.00,0.00,0.00,0.00,0.00,0.00,0.00,0.00,0.00,173.76,0.00
509,MC,0.00,0.00,0.00,0.00,0.00,0.00,0.00,0.00,0.00,0.00,0.00,0.00,0.00,0.00,0.00,0.00,0.00
510,MC,0.00,0.00,0.00,0.00,0.00,0.00,0.00,0.00,0.00,0.00,0.00,186.61,0.00,0.00,0.00,0.00,0.00
511,MC,0.00,0.00,0.00,0.00,0.00,0.00,0.00,0.00,143.51,0.00,0.00,0.00,35.24,0.00,0.00,0.00,0.00
514,MC,0.00,0.00,0.00,0.00,0.00,0.00,0.00,0.00,0.00,0.00,0.00,0.00,0.00,0.00,0.00,0.00,183.47
515,MC,0.00,0.00,0.00,0.00,0.00,0.00,0.00,0.00,0.00,0.00,0.00,0.00,0.00,0.00,0.00,0.00,175.66
516,MC,0.00,0.00,0.00,0.00,0.00,0.00,0.00,0.00,0.00,0.00,0.00,0.00,0.00,0.00,0.00,0.00,110.32
517,MC,0.00,0.00,0.00,0.00,0.00,0.00,0.00,0.00,0.00,0.00,0.00,196.66,0.00,0.00,0.00,0.00,0.00
519,MC,0.00,0.00,0.00,0.00,0.00,0.00,0.00,0.00,0.00,0.00,0.00,0.00,0.00,0.00,0.00,0.00,341.22
520,MC,0.00,0.00,0.00,0.00,0.00,0.00,0.00,0.00,0.00,0.00,0.00,0.00,0.00,0.00,0.00,0.00,290.50
522,MC,0.00,0.00,0.00,0.00,0.00,0.00,0.00,0.00,133.02,0.00,5.53,0.00,11.29,0.00,0.00,0.00,0.00
524,MC,0.00,0.00,0.00,0.00,0.00,0.00,0.00,0.00,0.00,0.00,0.00,0.00,0.00,0.00,0.00,0.00,45.90
525,MC,0.00,0.00,0.00,0.00,0.00,0.00,0.00,0.00,0.00,0.00,0.00,0.00,0.00,0.00,0.00,293.91,0.00
526,MC,0.00,0.00,0.00,0.00,177.54,9.81,0.00,0.00,0.00,0.00,0.00,0.00,0.00,0.00,0.00,0.00,0.00
527,MC,0.00,0.00,0.00,0.00,31.39,281.29,0.00,0.00,0.00,0.00,0.00,0.00,0.00,0.00,0.00,0.00,0.00
528,MC,0.00,0.00,0.00,1.36,1.26,214.54,0.00,0.00,0.00,0.00,0.00,0.00,0.00,0.00,0.00,0.00,0.00
529,MC,0.00,0.46,175.24,0.00,0.00,0.00,0.00,0.00,0.00,0.00,0.00,0.00,0.00,0.00,0.00,0.00,0.00
530,MC,0.00,0.00,45.38,0.00,28.19,47.12,2.03,0.00,0.00,0.00,0.00,0.00,0.00,0.00,0.00,13.15,0.00
531,MC,0.00,0.00,0.00,0.00,0.00,0.00,0.00,0.00,0.00,0.00,0.00,0.00,0.00,0.00,0.00,0.00,185.56
533,MC,0.00,0.00,0.00,0.00,0.00,0.00,0.00,0.00,0.00,0.00,0.00,0.00,0.00,0.00,0.00,0.00,210.26
535,MC,0.00,0.00,0.00,0.00,0.00,0.00,0.00,0.00,0.00,0.00,0.00,0.00,0.00,0.00,0.00,210.29,0.00
536,MC,0.00,0.00,0.00,0.00,0.00,0.00,0.00,0.00,0.00,0.00,0.00,0.00,0.00,0.00,0.00,106.05,0.00
537,MC,200.33,30.66,0.00,0.00,0.00,0.00,0.00,0.00,0.00,0.00,0.00,0.00,0.00,0.00,0.00,0.00,0.00
538,MC,3.14,378.38,0.00,0.00,0.00,0.00,0.00,0.00,0.00,0.00,0.00,0.00,0.00,0.00,0.00,0.00,0.00
539,MC,0.00,0.00,0.00,0.00,0.00,0.00,0.00,0.00,0.00,0.00,0.00,0.00,0.00,417.26,16.89,0.00,0.00
540,MC,0.00,220.94,7.03,0.00,0.00,0.00,0.00,0.00,0.00,0.00,0.00,0.00,0.00,0.00,0.00,0.00,0.00
541,MC,0.48,204.52,0.00,0.00,0.00,0.00,0.00,0.00,0.00,0.00,0.00,0.00,0.00,0.00,0.00,0.00,0.00
546,MC,0.00,0.00,0.00,0.00,0.00,0.00,0.00,0.00,0.00,29.71,0.00,0.00,0.00,334.56,1.47,0.00,0.00
547,MC,0.00,0.00,0.00,0.00,0.00,0.00,0.00,0.00,0.00,194.24,0.00,0.00,0.00,0.93,0.00,0.00,0.00
552,MC,0.00,351.19,4.12,0.00,0.00,0.00,0.00,0.00,0.00,0.00,0.00,0.00,0.00,0.00,0.00,0.00,0.00
553,MC,0.00,0.00,0.00,0.00,0.00,0.00,0.00,0.00,0.00,0.00,0.00,0.00,0.00,0.00,0.00,0.00,164.83
554,MC,0.00,0.00,0.00,0.00,0.00,0.00,0.00,0.00,0.00,0.00,0.00,0.00,0.00,0.00,0.00,0.00,149.99
555,MC,0.00,0.00,0.00,0.00,0.00,0.00,0.00,0.00,0.00,0.00,0.00,0.00,0.00,0.00,0.00,0.00,112.96
561,MC,0.00,42.56,175.10,0.00,0.00,0.00,0.00,0.00,0.00,0.00,0.00,0.00,0.00,0.00,0.00,0.00,0.00
562,MC,0.00,235.72,14.33,0.00,0.00,0.00,0.00,0.00,0.00,0.00,0.00,0.00,0.00,0.00,0.00,0.00,0.00
563,MC,0.00,42.23,111.37,0.00,0.00,0.00,0.00,0.00,0.00,0.00,0.00,0.00,0.00,0.00,0.00,0.00,0.00
564,MC,0.00,0.00,214.83,0.00,0.00,6.66,0.00,0.00,0.00,0.00,0.00,0.00,0.00,0.00,0.00,0.00,0.00
565,MC,0.00,0.00,0.00,0.00,0.00,0.00,0.00,0.00,0.00,0.00,0.00,0.00,0.00,0.00,0.00,287.66,0.00
567,MC,0.00,0.00,0.00,0.00,0.00,0.00,0.00,0.00,0.00,0.00,0.00,0.00,0.00,0.00,0.00,139.81,0.00
568,MC,0.00,0.00,0.00,0.00,0.00,0.00,0.00,0.00,70.29,0.00,253.49,0.00,58.05,0.00,0.00,0.00,0.00
569,MC,0.00,0.00,0.00,0.00,0.00,0.00,0.00,0.00,0.00,0.00,0.00,0.00,0.00,0.00,0.00,210.93,0.00
570,MC,0.00,0.00,0.00,0.00,193.60,104.88,7.61,19.86,0.00,0.00,0.00,0.00,0.00,0.00,0.00,0.00,0.00
571,MC,0.00,0.00,0.00,0.00,195.48,5.44,0.00,0.00,0.00,0.00,0.00,0.00,0.00,0.00,0.00,0.00,0.00
574,MC,0.00,0.00,0.00,0.00,0.00,0.00,0.00,0.00,334.78,0.00,4.77,0.00,31.28,0.00,0.00,0.00,0.00
577,MC,0.00,0.00,0.00,0.00,0.00,0.00,0.00,0.00,0.00,0.00,0.00,0.00,0.00,0.00,0.00,263.43,0.00
578,MC,0.00,0.00,0.00,0.00,155.63,1.21,0.00,0.00,0.00,0.00,0.00,0.00,0.00,0.00,0.00,0.00,0.00
579,MC,0.00,0.00,0.00,0.00,307.08,23.96,0.00,0.00,0.00,0.00,0.00,0.00,0.00,0.00,0.00,0.00,14.95
580,MC,0.00,0.00,0.00,0.00,0.00,0.00,0.00,0.00,1.80,0.00,284.96,1.93,1.37,0.00,0.00,2.62,0.00
581,MC,0.00,0.00,0.00,0.00,0.00,0.00,0.00,0.00,0.00,0.00,0.00,0.00,0.00,0.00,0.00,196.08,0.00
582,MC,0.00,0.00,0.00,0.00,0.00,0.00,0.00,0.00,0.00,0.00,0.00,0.00,0.00,0.00,0.00,198.40,0.00
583,MC,0.00,0.00,0.00,0.00,0.00,0.00,0.00,0.00,0.00,0.00,0.00,0.00,0.00,0.00,0.00,214.06,0.00
584,MC,0.00,0.00,0.00,7.21,12.53,143.94,0.00,0.00,0.00,0.00,0.00,0.00,0.00,0.00,0.00,0.69,0.00
585,MC,0.00,0.00,0.00,0.00,0.00,0.00,0.00,0.00,0.00,0.00,0.00,0.00,0.00,0.00,0.00,59.06,0.00
586,MC,0.00,0.00,0.00,0.00,0.00,0.00,0.00,0.00,0.00,0.00,0.00,0.00,0.00,0.00,0.00,193.51,0.00
587,MC,0.00,0.00,0.00,0.00,0.00,0.00,0.00,0.00,0.00,0.00,0.00,0.00,0.00,0.00,0.00,195.08,0.00
588,MC,0.00,0.00,0.00,0.00,2.52,0.00,0.00,0.00,0.00,0.00,0.00,0.00,0.00,0.00,0.00,138.04,0.00
589,MC,0.00,0.00,0.00,0.00,0.00,0.00,0.00,0.00,0.00,0.00,0.00,0.00,0.00,0.00,0.00,133.86,0.00
590,MC,0.00,0.00,0.00,0.00,0.00,0.00,0.00,0.00,0.00,0.00,0.00,0.00,0.00,0.00,0.00,262.78,0.00
591,MC,0.00,0.00,0.00,0.00,0.00,0.00,0.00,0.00,0.00,0.00,0.00,0.00,0.00,0.00,0.00,230.60,0.00
592,MC,0.00,0.00,0.00,0.00,0.00,0.00,0.00,0.00,0.00,0.00,0.00,0.00,0.00,0.00,0.00,165.29,0.00
593,MC,0.00,0.00,0.00,0.00,0.00,0.00,0.00,0.00,0.00,0.00,0.00,0.00,0.00,0.00,0.00,260.14,0.00
594,MC,0.00,0.00,0.00,0.00,246.11,1.73,0.00,0.00,0.00,0.00,0.00,0.00,0.00,0.00,0.00,0.00,0.00
595,MC,0.00,0.00,0.00,10.97,10.83,120.24,0.00,0.00,0.00,0.00,0.00,0.00,0.00,0.00,0.00,0.00,0.00
596,MC,0.00,0.00,0.00,0.00,0.00,0.00,0.00,0.00,0.00,0.00,0.00,0.00,0.00,0.00,0.00,82.38,0.00
597,MC,0.00,0.00,0.00,0.00,175.76,0.00,0.00,0.00,0.00,0.00,0.00,0.00,0.00,0.00,0.00,0.00,0.00
598,MC,0.00,0.00,0.00,2.28,0.00,235.24,0.00,0.00,0.00,0.00,0.00,0.00,0.00,0.00,0.00,0.00,0.00
599,MC,0.00,0.00,0.00,0.00,0.00,61.73,1.37,147.56,0.00,0.00,0.00,0.00,0.00,0.00,0.00,0.00,0.00
600,MC,0.00,0.00,0.00,0.00,0.00,1.78,298.42,24.89,0.00,0.00,0.00,0.00,0.00,0.00,0.00,0.00,0.00
601,MC,0.00,0.00,0.00,0.10,0.00,159.29,6.25,42.78,0.00,0.00,0.00,0.00,0.00,0.00,0.00,0.00,0.00
603,MC,0.00,0.00,0.00,0.00,28.09,183.46,0.00,0.00,0.00,0.00,0.00,0.00,0.00,0.00,0.00,0.00,0.00
604,MC,0.00,0.00,0.00,0.00,3.00,134.09,0.00,13.76,0.00,0.00,0.00,0.00,0.00,0.00,0.00,0.00,0.00
605,MC,0.00,0.00,0.00,3.59,22.45,162.53,0.00,0.00,0.00,0.00,0.00,0.00,0.00,0.00,0.00,0.00,0.00
606,MC,101.77,5.35,0.00,0.00,0.00,0.00,0.00,0.00,0.00,0.00,0.00,0.00,0.00,0.00,0.00,0.00,0.00
609,MC,0.00,5.54,154.00,0.00,0.00,0.00,0.00,0.00,0.00,0.00,0.00,0.00,0.00,0.00,0.00,0.00,0.00
611,MC,0.00,312.78,0.10,0.00,0.00,0.00,0.00,0.00,0.00,0.00,0.00,0.00,0.00,0.00,0.00,0.00,0.00
612,MC,0.00,223.14,62.52,0.00,0.00,0.00,0.00,0.00,0.00,0.00,0.00,0.00,0.00,0.00,0.00,0.00,0.00
613,MC,0.00,140.22,19.54,0.00,0.00,0.00,0.00,0.00,0.00,0.00,0.00,0.00,0.00,0.00,0.00,0.00,0.00
619,MC,0.00,0.00,0.00,0.00,0.00,0.00,0.00,0.00,0.00,0.00,0.00,0.00,0.00,0.00,0.00,214.59,0.00
622,MC,0.00,0.00,0.00,0.00,8.30,186.47,0.00,0.90,0.00,0.00,0.00,0.00,0.00,0.00,0.00,0.00,0.00
623,MC,0.00,0.00,0.00,0.00,0.00,165.27,0.00,10.94,0.00,0.00,0.00,0.00,0.00,0.00,0.00,0.00,0.00
624,MC,0.00,0.00,0.00,0.00,0.00,183.52,119.45,5.19,0.00,0.00,0.00,0.00,0.00,0.00,0.00,0.00,0.00
627,MC,0.00,0.00,0.00,0.00,0.00,0.00,0.00,0.00,0.00,0.00,0.00,0.00,0.00,0.00,0.00,133.13,0.00
628,MC,0.00,0.00,0.00,0.00,0.00,0.00,0.00,0.00,0.00,0.00,0.00,0.00,0.00,0.00,0.00,183.00,0.00
629,MC,0.00,0.00,0.00,0.00,0.00,0.00,0.00,0.00,0.00,0.00,0.00,0.00,0.00,0.00,0.00,153.89,0.00
630,MC,0.00,0.00,0.00,0.00,3.88,223.29,0.00,0.00,0.00,0.00,0.00,0.00,0.00,0.00,0.00,0.00,0.00
631,MC,0.00,0.00,0.00,0.00,0.00,190.42,0.00,16.37,0.00,0.00,0.00,0.00,0.00,0.00,0.00,0.00,0.00
632,MC,0.00,0.00,9.63,0.00,0.00,46.22,0.00,0.00,0.00,0.00,0.00,0.00,0.00,0.00,0.00,0.00,0.00
633,MC,0.00,0.00,17.94,0.00,0.00,71.51,1.01,0.00,0.00,0.00,0.00,0.00,0.00,0.00,0.00,0.00,0.00
634,MC,0.00,0.00,0.00,22.51,0.00,33.03,68.51,187.48,0.00,0.00,0.00,0.00,0.00,0.00,0.00,0.00,0.00
635,MC,0.00,176.95,4.71,0.00,0.00,0.00,8.85,0.00,0.00,0.00,0.00,0.00,0.00,0.00,0.00,0.00,0.00
636,MC,0.00,16.67,208.80,0.00,0.00,0.00,26.36,0.00,0.00,0.00,0.00,0.00,0.00,0.00,0.00,0.00,0.00
637,MC,0.00,0.00,63.66,0.00,0.00,0.00,0.00,0.00,0.00,0.00,0.00,0.00,0.00,0.00,0.00,0.00,89.81
638,MC,0.00,0.00,0.00,0.00,0.00,0.00,0.00,0.00,31.21,0.00,50.87,0.00,217.12,0.00,0.00,0.00,0.00
639,MC,0.00,0.00,0.00,0.00,0.00,0.00,0.00,0.00,41.75,0.00,32.88,0.00,5.50,0.00,0.00,0.00,0.00
640,MC,0.00,0.00,0.00,0.00,0.00,0.00,0.00,0.00,3.11,0.00,289.42,0.00,0.00,0.00,0.00,0.00,0.00
641,MC,0.00,0.00,0.00,0.00,0.00,0.00,0.00,0.00,0.00,0.00,0.00,0.00,0.00,0.00,0.00,82.53,0.00
642,MC,0.00,0.00,0.00,0.00,0.00,0.00,0.00,0.00,0.00,0.00,0.00,0.00,0.00,0.00,0.00,326.57,0.00
644,MC,0.00,0.00,0.00,0.00,157.30,33.10,0.00,0.00,0.00,0.00,0.00,0.00,0.00,0.00,0.00,0.00,0.00
645,MC,0.00,0.00,0.00,0.00,0.00,0.00,0.00,0.00,0.00,0.00,0.00,0.00,0.00,0.00,0.00,152.81,0.00
646,MC,0.00,0.00,0.00,0.00,0.00,0.00,0.00,0.00,1.68,0.00,0.00,0.00,0.00,0.00,0.00,1.19,157.77
651,MC,0.00,0.00,0.00,0.00,0.00,77.49,126.83,71.29,0.00,0.00,0.00,0.00,0.00,0.00,0.00,0.00,0.00
653,MC,0.00,0.00,0.00,12.68,20.01,390.01,0.00,0.00,0.00,0.00,0.00,0.00,0.00,0.00,0.00,0.00,0.00
654,MC,0.00,0.00,0.00,383.93,0.00,177.67,0.00,0.00,0.00,0.00,0.00,0.00,0.00,0.00,0.00,0.00,0.00
656,MC,0.00,0.00,0.00,0.00,0.00,0.00,0.00,0.00,0.00,0.00,0.00,0.00,0.00,0.00,0.00,266.73,0.00
657,MC,0.00,0.00,0.00,0.00,0.00,243.01,0.00,0.00,0.00,0.00,0.00,0.00,0.00,0.00,0.00,0.00,0.00
658,MC,0.00,0.00,0.00,0.00,0.00,0.00,0.00,0.00,0.00,0.00,0.00,0.00,0.00,0.00,0.00,322.04,0.00
659,MC,0.00,0.00,0.00,3.47,0.00,309.31,0.00,0.00,0.00,0.00,0.00,0.00,0.00,0.00,0.00,0.39,0.00
660,MC,0.00,0.00,0.00,206.40,0.00,100.33,0.00,0.00,0.00,0.00,0.00,0.00,0.00,0.00,0.00,0.00,0.00
661,MC,0.00,0.00,0.00,0.00,0.00,40.40,8.68,460.66,0.00,0.00,0.00,0.00,0.00,0.00,0.00,0.00,0.00
662,MC,0.00,0.00,0.00,0.00,0.00,154.47,29.68,84.76,0.00,0.00,0.00,0.00,0.00,0.00,0.00,0.00,0.00
663,MC,0.00,0.00,0.00,0.00,0.00,158.67,35.98,143.71,0.00,0.00,0.00,0.00,0.00,0.00,0.00,0.00,0.00
664,MC,0.00,0.00,0.00,0.00,3.06,130.66,0.00,109.73,0.00,0.00,0.00,0.00,0.00,0.00,0.00,0.00,0.00
665,MC,0.00,0.00,0.00,0.00,0.00,0.00,243.54,7.27,0.00,0.00,0.00,0.00,0.00,0.00,0.00,0.00,0.00
666,MC,0.00,0.00,0.00,0.00,0.00,0.00,70.62,0.00,0.00,0.00,0.00,0.00,0.00,0.00,0.00,0.00,0.00
667,MC,0.00,0.00,27.22,0.00,0.00,62.10,107.26,0.00,0.00,0.00,0.00,0.00,0.00,0.00,0.00,0.00,0.00
669,MC,0.00,0.00,0.00,0.00,0.00,0.00,299.38,0.00,0.00,0.00,0.00,0.00,0.00,0.00,0.00,0.00,0.00
670,MC,0.00,0.00,0.00,0.00,0.00,0.00,244.75,0.00,0.00,0.00,0.00,0.00,0.00,0.00,0.00,0.00,0.00
671,MC,0.00,0.00,18.58,0.00,25.85,116.80,170.41,34.95,0.00,0.00,0.00,0.00,0.00,0.00,0.00,0.00,0.00
672,MC,0.00,0.00,0.00,0.00,0.00,0.00,0.00,0.00,0.00,0.00,0.00,0.00,0.00,0.00,0.00,161.75,0.00
673,MC,0.00,0.00,0.00,0.00,0.00,0.00,0.00,0.00,0.00,0.00,0.00,0.00,0.00,0.00,0.00,232.23,0.00
674,MC,0.00,0.00,0.00,0.00,0.00,0.00,0.00,0.00,0.00,0.00,0.00,0.00,0.00,0.00,0.00,140.42,0.00
675,MC,0.00,0.00,0.00,0.00,0.00,0.00,0.00,0.00,0.00,0.00,0.00,0.00,0.00,0.00,0.00,395.02,0.00
676,MC,0.00,0.00,0.00,488.24,0.00,174.68,0.00,4.67,0.00,0.00,0.00,0.00,0.00,0.00,0.00,0.00,0.00
677,MC,0.00,0.00,0.00,0.00,0.00,0.00,0.00,0.00,0.00,0.00,0.00,0.00,0.00,0.00,0.00,204.23,0.00
678,MC,0.00,0.00,0.00,0.00,0.00,92.18,0.00,64.87,0.00,0.00,0.00,0.00,0.00,0.00,0.00,0.00,0.00
679,MC,0.00,0.00,0.00,0.94,2.95,135.98,0.00,0.00,0.00,0.00,0.00,0.00,0.00,0.00,0.00,0.00,0.00
680,MC,0.00,0.00,0.00,3.47,0.00,173.34,0.00,66.38,0.00,0.00,0.00,0.00,0.00,0.00,0.00,0.00,0.00
681,MC,0.00,0.00,0.00,0.00,0.00,0.00,4.79,42.92,0.00,0.00,0.00,0.00,0.00,0.00,0.00,0.00,0.00
682,MC,0.00,0.00,0.00,0.00,0.00,0.00,113.03,4.03,0.00,0.00,0.00,0.00,0.00,0.00,0.00,0.00,0.00
683,MC,0.00,0.00,0.00,0.00,0.00,2.34,11.79,465.63,0.00,0.00,0.00,0.00,0.00,0.00,0.00,0.00,0.00
684,MC,0.00,0.00,0.00,0.00,0.00,0.00,0.00,0.00,0.00,0.00,0.00,0.00,0.00,0.00,0.00,150.74,0.00
685,MC,0.00,0.00,0.00,0.00,0.00,0.00,0.00,0.00,0.00,0.00,178.92,0.00,0.00,0.00,0.00,0.00,0.00
686,MC,0.00,0.00,0.00,0.00,0.00,0.00,0.00,0.00,0.00,0.00,0.00,143.59,0.00,0.00,0.00,0.00,0.00
687,MC,0.00,0.00,0.00,0.00,0.00,0.00,0.00,0.00,0.00,0.00,0.00,118.11,0.00,0.00,0.00,0.00,0.00
688,MC,0.00,0.00,0.00,0.00,0.00,0.00,0.00,0.00,0.00,0.00,83.42,2.20,0.00,0.00,0.00,0.00,0.00
689,MC,0.00,0.00,0.00,0.00,0.00,0.00,0.00,0.00,0.00,0.00,0.00,0.00,0.00,0.00,0.00,96.08,0.00
690,MC,0.00,0.00,0.00,0.00,0.00,0.00,0.00,0.00,0.00,0.00,200.75,0.00,0.00,0.00,0.00,0.00,0.00
691,MC,0.00,0.00,0.00,0.00,0.00,0.00,0.00,0.00,0.00,0.00,0.00,0.00,0.00,0.00,0.00,0.00,13.03
692,MC,0.00,0.00,0.00,0.00,0.00,0.00,0.00,0.00,0.00,0.00,117.26,7.84,0.30,0.00,0.00,0.00,0.00
693,MC,0.00,0.00,0.00,0.00,0.00,0.00,0.00,0.00,0.00,0.00,3.79,0.00,0.00,0.00,0.00,31.70,0.00
694,MC,0.00,0.00,0.00,0.00,0.00,0.00,0.00,0.00,0.00,0.00,3.88,0.00,0.00,0.00,0.00,53.35,0.00
695,MC,0.00,0.00,0.00,0.00,0.00,0.00,0.00,0.00,0.48,0.00,274.62,0.91,0.10,0.00,0.00,0.00,0.00
696,MC,0.00,0.00,0.00,0.00,0.00,0.00,0.00,0.00,0.00,0.00,0.00,0.00,0.00,0.00,0.00,29.87,0.00
697,MC,0.00,0.00,0.00,0.00,0.00,0.00,0.00,0.00,0.00,0.00,0.00,0.00,0.00,0.00,0.00,183.16,0.00
698,MC,0.00,0.00,0.00,0.00,0.00,0.00,0.00,0.00,0.00,0.00,0.00,178.70,0.00,0.00,0.00,0.00,0.00
700,MC,0.00,0.00,0.00,0.00,0.00,0.00,0.00,0.00,0.00,0.00,230.39,0.00,0.00,0.00,0.00,0.00,0.00
701,MC,0.00,0.00,0.00,0.00,0.00,0.00,0.00,0.00,0.00,0.00,199.47,0.00,0.00,0.00,0.00,0.00,0.00
702,MC,0.00,0.00,0.00,0.00,0.00,0.00,0.00,0.00,0.21,0.00,272.09,0.00,0.00,0.00,0.00,0.00,0.00
703,MC,0.00,0.00,0.00,0.00,0.00,0.00,0.00,0.00,0.00,0.00,0.00,0.00,0.00,0.00,0.00,261.53,0.00
704,MC,0.00,0.00,0.00,0.00,0.00,0.00,0.00,0.00,0.00,0.00,0.00,0.00,0.00,0.00,0.00,211.67,0.00
706,MC,0.00,0.00,0.00,0.00,0.00,0.00,0.00,0.00,0.00,0.00,0.00,0.00,0.00,0.00,0.00,81.90,0.00
707,MC,0.00,0.00,0.00,0.00,0.00,0.00,0.00,0.00,0.00,0.00,0.00,0.00,0.00,0.00,0.00,155.86,0.00
708,MC,0.00,0.00,0.00,3.18,10.08,77.42,0.00,0.00,0.00,0.00,0.00,0.00,0.00,0.00,0.00,26.71,0.00
709,MC,0.00,0.00,0.00,0.00,0.00,0.00,0.00,0.00,0.00,0.00,0.00,0.00,0.00,0.00,0.00,186.65,0.00
710,MC,0.00,0.00,0.00,0.00,0.00,0.00,0.00,0.00,0.00,0.00,0.00,0.00,0.00,0.00,0.00,127.93,0.00
711,MC,0.00,0.00,0.00,0.00,0.00,0.00,0.00,0.00,0.00,0.00,0.00,0.00,0.00,0.00,0.00,207.62,0.00
712,MC,0.00,0.00,0.00,0.00,0.00,0.00,0.00,0.00,0.00,0.00,0.00,122.08,0.00,0.00,0.00,0.00,0.00
713,MC,0.00,0.00,0.00,0.00,0.00,0.00,0.00,0.00,2.73,196.70,0.00,24.33,20.89,0.00,0.00,0.00,0.00
714,MC,0.00,0.00,0.00,0.00,0.00,0.00,0.00,0.00,0.00,0.00,0.00,168.80,0.00,0.00,0.00,0.00,0.00
716,MC,0.00,0.00,0.00,0.00,0.00,0.00,0.00,0.00,0.00,0.00,0.00,236.30,0.00,0.00,0.00,0.00,0.00
718,MC,0.00,0.00,0.00,0.00,0.00,0.00,0.00,0.00,0.00,0.00,0.00,0.00,0.00,0.00,0.00,292.77,0.00
719,MC,0.00,0.00,0.00,0.00,0.00,0.00,0.00,0.00,0.00,0.00,0.00,0.00,0.00,0.00,0.00,143.50,0.00
720,MC,0.00,0.00,0.00,0.00,0.00,0.00,0.00,0.00,0.00,0.00,0.00,0.00,0.00,0.00,0.00,286.80,0.00
721,MC,0.00,0.00,0.00,0.00,0.00,0.00,0.00,0.00,0.00,0.00,0.00,0.00,0.00,0.00,0.00,323.40,0.00
722,MC,0.00,0.00,0.00,0.00,0.00,0.00,0.00,0.00,0.00,0.00,0.00,0.00,0.00,0.00,0.00,196.84,0.00
727,MC,0.00,0.00,0.00,0.00,0.00,0.00,0.00,0.00,0.00,0.00,0.00,0.00,0.00,0.00,0.00,180.93,0.00
728,MC,0.00,0.00,0.00,0.00,0.00,0.00,0.00,0.00,0.00,0.00,0.00,0.00,0.00,0.00,0.00,148.61,0.00
729,MC,0.00,0.00,0.00,0.00,0.00,0.00,0.00,0.00,0.00,0.00,0.00,0.00,0.00,0.00,0.00,173.15,0.00
736,MC,0.00,0.00,0.00,0.00,0.00,0.00,0.00,0.00,0.00,0.00,0.00,0.00,0.00,0.00,0.00,171.38,0.00
737,MC,0.00,0.00,0.00,323.32,0.00,147.58,0.00,0.50,0.00,0.00,0.00,0.00,0.00,0.00,0.00,0.00,0.00
738,MC,0.00,0.00,0.00,278.57,0.00,119.06,0.00,0.00,0.00,0.00,0.00,0.00,0.00,0.00,0.00,0.00,0.00
739,MC,0.00,0.00,0.00,394.71,0.00,106.42,0.00,0.00,0.00,0.00,0.00,0.00,0.00,0.00,0.00,0.00,0.00
740,MC,0.00,0.00,0.00,229.33,0.00,56.54,0.00,53.70,0.00,0.00,0.00,0.00,0.00,0.00,0.00,0.00,0.00
744,MC,0.00,0.00,0.00,0.00,0.00,32.18,7.35,164.32,0.00,0.00,0.00,0.00,0.00,0.00,0.00,0.00,0.00
746,MC,0.00,0.00,0.00,0.00,0.00,0.00,0.00,0.00,0.00,0.00,0.00,170.45,0.00,0.00,0.00,0.00,0.00
747,MC,0.00,0.00,0.00,0.00,0.00,0.00,0.00,0.00,0.00,0.00,18.88,17.71,0.00,0.00,0.00,0.00,0.00
748,MC,0.00,0.00,0.00,0.00,0.00,0.00,0.00,0.00,14.48,0.00,243.73,1.81,5.29,0.00,0.00,0.00,0.00
749,MC,0.00,0.00,0.00,0.00,0.00,0.00,0.00,0.00,0.08,0.00,254.04,0.00,0.00,0.00,0.00,0.00,0.00
750,MC,0.00,0.00,0.00,0.00,0.00,0.00,0.00,0.00,0.00,0.00,0.00,263.04,0.00,0.00,0.00,0.00,0.00
752,MC,0.00,0.00,0.00,0.00,0.00,0.00,0.00,0.00,0.00,0.00,0.00,0.00,0.00,0.00,0.00,123.53,0.00
753,MC,0.00,0.00,0.00,0.00,0.00,0.00,0.00,0.00,0.00,0.00,0.00,0.00,0.00,0.00,0.00,127.49,0.00
754,MC,0.00,0.00,0.00,0.00,0.00,0.00,0.00,0.00,0.00,0.00,0.00,0.00,0.00,0.00,0.00,131.80,0.00
756,MC,0.00,0.00,0.00,0.00,0.00,0.00,0.00,0.00,0.00,0.00,0.00,0.00,0.00,0.00,0.00,158.84,0.00
757,MC,0.00,0.00,0.00,0.00,0.00,0.00,0.00,0.00,0.00,0.00,0.00,0.00,0.00,0.00,0.00,111.10,0.00
758,MC,0.00,0.00,0.00,0.00,0.00,0.00,0.00,0.00,0.00,0.00,0.00,0.00,0.00,0.00,0.00,203.02,0.00
759,MC,0.00,0.00,0.00,0.00,0.00,0.00,0.00,0.00,0.00,0.00,0.00,0.00,0.00,0.00,0.00,131.42,0.00
760,MC,0.00,0.00,0.00,0.00,0.00,0.00,0.00,0.00,0.00,0.00,0.00,0.00,0.00,0.00,0.00,326.65,0.00
761,MC,0.00,0.00,0.00,0.00,0.00,0.00,0.00,0.00,0.00,0.00,0.00,0.00,0.00,0.00,0.00,117.88,0.00
763,MC,0.00,0.00,0.00,0.00,0.00,0.00,0.00,0.00,0.00,0.00,0.00,0.00,0.00,0.00,0.00,112.71,0.00
764,MC,0.00,0.00,0.00,0.00,0.00,0.00,0.00,0.00,0.51,0.00,19.43,24.84,0.00,0.00,0.00,5.72,0.00
768,MC,0.00,0.00,0.00,10.30,0.00,56.43,0.00,0.00,0.00,0.00,0.00,0.00,0.00,0.00,0.00,134.77,0.00
769,MC,0.00,0.00,0.00,0.00,0.00,0.00,0.00,10.66,0.00,0.00,0.00,0.00,0.00,0.00,0.00,133.55,0.00
770,MC,0.00,0.00,0.00,0.00,0.00,0.00,0.00,0.00,0.00,0.00,0.00,0.00,0.00,0.00,0.00,55.60,0.00
771,MC,0.00,0.00,0.00,0.00,0.00,0.00,0.00,0.00,0.00,0.00,0.00,0.00,0.00,0.00,0.00,23.68,265.93
772,MC,0.00,0.00,0.00,0.00,0.00,17.55,0.00,41.86,0.00,0.00,0.00,0.00,0.00,0.00,0.00,0.00,0.00
773,MC,0.00,0.00,0.00,0.00,0.00,0.00,0.00,0.00,0.00,0.00,0.00,0.00,0.00,0.00,0.00,194.78,0.00
774,MC,0.00,0.00,0.00,0.00,0.00,0.00,0.00,0.00,0.00,0.00,0.00,0.00,0.00,0.00,0.00,182.67,0.00
775,MC,0.00,0.00,0.00,0.00,0.00,0.00,0.00,0.00,0.00,0.00,0.00,0.00,0.00,0.00,0.00,88.01,0.00
776,MC,0.00,0.00,0.00,0.00,0.00,0.00,0.00,0.00,0.00,0.00,0.00,0.00,0.00,0.00,0.00,275.14,0.00
777,MC,0.00,0.00,0.00,0.00,0.00,0.00,0.00,0.00,0.00,0.00,0.00,0.00,0.00,0.00,0.00,0.00,236.31
778,MC,0.00,0.00,0.00,0.00,0.00,0.00,0.00,0.00,0.00,0.00,0.00,0.00,0.00,0.00,0.00,147.80,0.00
779,MC,0.00,0.00,0.00,0.00,0.00,0.00,6.73,27.75,0.00,0.00,0.00,0.00,0.00,0.00,0.00,2.37,0.00
780,MC,0.00,0.00,0.00,0.00,0.00,0.00,0.00,0.00,0.00,0.00,0.00,0.00,0.00,0.00,0.00,178.21,0.00
781,MC,0.00,0.00,0.00,0.00,0.00,0.00,0.00,0.00,0.00,0.00,0.00,0.00,0.00,0.00,0.00,246.90,0.00
782,MC,0.00,0.00,0.00,0.00,0.00,0.00,0.00,0.00,0.00,0.00,0.00,0.00,0.00,0.00,0.00,331.60,0.00
783,MC,0.00,0.00,0.00,0.00,0.00,0.00,0.00,0.00,0.00,0.00,0.00,0.00,0.00,0.00,0.00,194.14,0.00
784,MC,0.00,0.00,0.00,0.00,0.00,0.00,0.00,0.00,0.00,0.00,0.00,0.00,0.00,0.00,0.00,139.03,0.00
785,MC,0.00,0.00,0.00,0.00,0.00,0.00,0.00,0.00,0.00,0.00,0.00,0.00,0.00,0.00,0.00,232.60,0.00
787,MC,0.00,0.00,0.00,0.00,1.56,0.98,0.00,0.00,0.00,0.00,0.00,0.00,0.00,0.00,0.00,143.90,0.00
788,MC,0.00,0.00,0.00,0.00,0.00,0.00,0.00,0.00,0.00,0.00,103.29,51.36,13.83,0.00,0.00,0.00,0.00
798,MC,23.14,70.01,13.58,0.00,0.00,0.00,0.00,0.00,0.00,0.00,0.00,0.00,0.00,0.00,0.00,0.00,0.00
806,MC,0.00,0.00,0.00,0.00,0.00,0.00,0.00,0.00,0.00,0.00,0.00,0.00,0.00,0.00,0.00,346.88,0.00
809,MC,0.00,0.00,0.00,0.00,0.00,0.00,0.00,0.00,0.00,0.00,0.00,0.00,0.00,0.00,0.00,113.50,0.00
810,MC,0.00,0.00,0.00,0.00,0.00,0.00,0.00,65.48,0.00,0.00,0.00,0.00,0.00,0.00,0.00,0.30,0.00
811,MC,0.00,0.00,0.00,0.44,0.00,267.77,0.00,0.00,0.00,0.00,0.00,0.00,0.00,0.00,0.00,0.00,0.00
813,MC,0.00,0.00,0.00,0.00,0.00,0.00,0.00,0.00,0.00,0.00,0.00,0.00,0.00,0.00,0.00,111.19,0.00
814,MC,0.00,0.00,0.00,0.00,0.00,0.00,0.00,0.00,0.00,0.49,0.00,0.00,0.00,235.74,5.20,0.00,0.00
815,MC,0.00,0.00,0.00,22.11,0.00,0.00,0.00,9.48,0.00,0.00,0.00,0.00,0.00,0.00,0.00,51.47,0.00
816,MC,0.00,0.00,0.00,0.00,0.00,0.00,0.00,0.00,0.00,0.00,0.00,0.00,0.00,0.00,0.00,395.40,0.00
817,MC,0.00,0.00,0.00,0.00,0.00,0.00,0.00,1.80,0.00,0.00,0.00,0.00,0.00,0.00,0.00,20.90,0.00
818,MC,0.00,0.00,0.00,21.42,0.00,15.78,0.00,4.03,0.00,0.00,0.00,0.00,0.00,0.00,0.00,9.12,0.00
819,MC,0.00,0.00,0.00,400.54,0.00,131.15,0.00,1.54,0.00,0.00,0.00,0.00,0.00,0.00,0.00,0.00,0.00
820,MC,0.00,0.00,0.00,174.31,0.00,110.75,0.00,7.69,0.00,0.00,0.00,0.00,0.00,0.00,0.00,0.00,0.00
821,MC,0.00,0.00,0.00,0.00,0.00,43.45,20.98,143.09,0.00,0.00,0.00,0.00,0.00,0.00,0.00,0.00,0.00
822,MC,0.00,3.62,0.00,0.00,0.00,0.00,569.57,11.51,0.00,0.00,0.00,0.00,0.00,0.00,0.00,0.00,0.00
823,MC,0.00,0.00,143.07,0.00,0.00,0.00,0.00,0.00,0.00,0.00,0.00,0.00,0.00,0.00,0.00,0.00,0.00
824,MC,0.00,0.00,1.60,0.00,0.00,0.00,422.92,21.25,0.00,0.00,0.00,0.00,0.00,0.00,0.00,0.00,0.00
851,MC,0.00,0.00,0.00,0.00,0.00,0.00,0.00,0.00,0.00,0.00,0.00,0.00,0.00,0.00,0.00,187.62,0.00
853,MC,0.00,0.00,0.00,0.00,0.00,0.00,0.00,0.00,0.00,0.00,0.00,0.00,0.00,0.00,0.00,123.85,0.00
861,MC,0.00,0.00,0.00,0.00,0.00,0.00,0.00,0.00,0.00,0.00,0.00,0.00,0.00,0.00,0.00,167.97,0.00
862,MC,0.00,0.00,0.00,0.00,0.00,0.00,0.00,0.00,0.00,0.00,0.00,0.00,0.00,0.00,0.00,128.31,0.00
863,MC,0.00,0.00,0.00,0.00,0.00,0.00,0.00,0.00,0.00,0.00,0.00,0.00,0.00,0.00,0.00,130.23,0.00
864,MC,0.00,0.00,0.00,0.00,0.00,0.00,0.00,0.00,0.00,0.00,0.00,0.00,0.00,0.00,0.00,151.06,0.00
869,MC,0.00,0.00,0.00,4.50,0.00,64.22,0.00,46.94,0.00,0.00,0.00,0.00,0.00,0.00,0.00,0.00,0.00
874,MC,0.00,0.00,0.00,0.00,0.00,34.29,0.00,58.04,0.00,0.00,0.00,0.00,0.00,0.00,0.00,0.00,0.00
876,MC,0.00,0.00,0.00,0.00,0.00,1.79,0.00,155.34,0.00,0.00,0.00,0.00,0.00,0.00,0.00,0.00,0.00
887,MC,0.00,0.00,0.00,4.10,0.00,169.03,0.00,0.00,0.00,0.00,0.00,0.00,0.00,0.00,0.00,0.00,0.00
888,MC,0.00,0.00,0.00,0.10,10.80,171.14,0.00,0.00,0.00,0.00,0.00,0.00,0.00,0.00,0.00,0.00,0.00
892,MC,0.00,0.00,0.00,3.38,0.00,0.00,0.00,0.00,0.00,0.00,0.00,0.00,0.00,0.00,0.00,19.36,0.00
893,MC,0.00,0.00,0.00,23.11,0.00,13.36,0.00,0.00,0.00,0.00,0.00,0.00,0.00,0.00,0.00,65.76,0.00
895,MC,0.00,0.00,0.00,0.78,0.00,34.93,0.00,72.76,0.00,0.00,0.00,0.00,0.00,0.00,0.00,0.00,0.00
897,MC,0.00,0.00,0.00,0.00,0.00,0.40,0.00,81.89,0.00,0.00,0.00,0.00,0.00,0.00,0.00,0.00,0.00
898,MC,0.00,0.00,0.00,199.42,0.00,81.48,0.00,0.00,0.00,0.00,0.00,0.00,0.00,0.00,0.00,0.00,0.00
920,MC,0.00,8.46,179.59,0.00,0.00,0.00,0.00,0.00,0.00,0.00,0.00,0.00,0.00,0.00,0.00,0.00,0.00
922,MC,0.00,12.90,132.62,0.00,0.00,0.00,0.00,0.00,0.00,0.00,0.00,0.00,0.00,0.00,0.00,0.00,0.00
925,MC,0.00,0.00,0.00,0.00,0.00,0.00,0.00,0.00,0.00,0.00,0.00,0.00,0.00,0.00,0.00,0.00,175.19
927,MC,0.00,0.00,0.00,1.60,0.00,0.00,0.00,0.00,0.00,0.00,0.00,0.00,0.00,0.00,0.00,84.23,0.00
937,MC,0.00,0.00,0.00,0.00,0.00,0.00,378.64,0.00,0.00,0.00,0.00,0.00,0.00,0.00,0.00,0.00,0.00
939,MC,0.00,0.00,0.00,0.00,0.00,11.31,35.38,213.95,0.00,0.00,0.00,0.00,0.00,0.00,0.00,0.00,0.00
941,MC,0.00,0.00,0.10,0.00,0.00,72.30,30.87,7.18,0.00,0.00,0.00,0.00,0.00,0.00,0.00,0.00,0.00
943,MC,0.00,0.00,0.00,0.00,0.00,0.00,266.49,11.71,0.00,0.00,0.00,0.00,0.00,0.00,0.00,0.00,0.00
945,MC,0.00,0.00,0.00,0.00,0.00,0.00,243.37,27.95,0.00,0.00,0.00,0.00,0.00,0.00,0.00,0.00,0.00
947,MC,0.00,0.00,0.00,17.55,0.00,0.50,0.00,0.00,0.00,0.00,0.00,0.00,0.00,0.00,0.00,28.28,0.00
949,MC,0.00,0.00,0.00,0.00,0.00,0.00,0.00,103.91,0.00,0.00,0.00,0.00,0.00,0.00,0.00,0.00,0.00
951,MC,0.00,0.00,0.00,8.95,0.00,2.87,0.00,0.00,0.00,0.00,0.00,0.00,0.00,0.00,0.00,26.94,0.00
953,MC,0.00,0.00,0.00,0.00,0.00,0.00,5.53,102.75,0.00,0.00,0.00,0.00,0.00,0.00,0.00,0.00,0.00
955,MC,0.00,0.00,0.00,0.00,0.00,15.76,22.96,135.82,0.00,0.00,0.00,0.00,0.00,0.00,0.00,0.00,0.00
957,MC,0.00,0.00,0.00,0.00,0.00,6.46,14.72,159.42,0.00,0.00,0.00,0.00,0.00,0.00,0.00,0.00,0.00
959,MC,0.00,0.00,0.00,0.00,0.00,16.84,12.73,173.84,0.00,0.00,0.00,0.00,0.00,0.00,0.00,0.00,0.00
961,MC,0.00,0.00,0.00,0.00,0.00,0.00,1.20,166.87,0.00,0.00,0.00,0.00,0.00,0.00,0.00,0.00,0.00
963,MC,0.00,0.00,0.00,0.00,0.00,56.29,32.74,243.26,0.00,0.00,0.00,0.00,0.00,0.00,0.00,0.00,0.00
965,MC,0.00,0.00,0.00,0.00,0.00,0.00,3.24,63.23,0.00,0.00,0.00,0.00,0.00,0.00,0.00,0.00,0.00
967,MC,0.00,0.00,0.00,0.00,0.00,0.00,0.00,160.95,0.00,0.00,0.00,0.00,0.00,0.00,0.00,0.00,0.00
969,MC,0.00,0.00,0.00,0.00,0.00,2.09,8.31,113.09,0.00,0.00,0.00,0.00,0.00,0.00,0.00,0.00,0.00
971,MC,0.00,0.00,0.00,0.00,0.00,44.61,27.37,218.11,0.00,0.00,0.00,0.00,0.00,0.00,0.00,0.00,0.00
973,MC,0.00,0.00,0.00,0.00,0.00,0.00,303.16,13.89,0.00,0.00,0.00,0.00,0.00,0.00,0.00,0.00,0.00
975,MC,0.00,0.00,0.00,0.00,0.00,138.66,24.19,197.86,0.00,0.00,0.00,0.00,0.00,0.00,0.00,0.00,0.00
977,MC,0.00,0.00,0.00,0.00,0.00,0.00,23.29,108.37,0.00,0.00,0.00,0.00,0.00,0.00,0.00,0.00,0.00
979,MC,0.00,0.00,0.00,0.00,0.00,0.00,459.28,2.33,0.00,0.00,0.00,0.00,0.00,0.00,0.00,0.00,0.00
981,MC,0.00,0.00,0.00,0.00,0.00,2.60,58.07,179.26,0.00,0.00,0.00,0.00,0.00,0.00,0.00,0.00,0.00
983,MC,0.00,0.00,0.00,0.00,0.00,0.00,197.07,13.34,0.00,0.00,0.00,0.00,0.00,0.00,0.00,0.00,0.00
985,MC,0.00,0.00,0.60,0.00,0.00,0.00,170.01,0.00,0.00,0.00,0.00,0.00,0.00,0.00,0.00,0.00,0.00
989,MC,0.00,0.00,0.00,0.00,1.51,149.63,0.00,26.81,0.00,0.00,0.00,0.00,0.00,0.00,0.00,0.00,0.00
991,MC,0.00,0.00,0.00,0.00,0.00,73.83,0.00,26.20,0.00,0.00,0.00,0.00,0.00,0.00,0.00,0.00,0.00
993,MC,0.00,0.00,0.00,0.00,0.00,1.51,5.30,68.98,0.00,0.00,0.00,0.00,0.00,0.00,0.00,0.00,0.00
995,MC,0.00,0.00,0.00,0.00,0.00,0.00,2.26,108.92,0.00,0.00,0.00,0.00,0.00,0.00,0.00,0.00,0.00
997,MC,0.00,0.00,0.00,0.00,0.00,2.95,0.54,112.37,0.00,0.00,0.00,0.00,0.00,0.00,0.00,0.00,0.00
999,MC,0.00,0.00,0.00,0.00,0.00,69.58,1.49,96.43,0.00,0.00,0.00,0.00,0.00,0.00,0.00,0.00,0.00
1001,MC,0.00,0.00,0.00,0.00,0.00,41.91,0.00,90.83,0.00,0.00,0.00,0.00,0.00,0.00,0.00,0.00,0.00
1003,MC,0.00,0.00,0.00,0.00,0.00,0.00,0.00,79.06,0.00,0.00,0.00,0.00,0.00,0.00,0.00,0.00,0.00
1005,MC,0.00,0.00,0.00,0.00,0.00,0.00,0.00,75.30,0.00,0.00,0.00,0.00,0.00,0.00,0.00,0.00,0.00
1007,MC,0.00,0.00,0.00,0.00,0.00,131.38,0.00,69.25,0.00,0.00,0.00,0.00,0.00,0.00,0.00,0.00,0.00
1009,MC,0.00,0.00,0.00,0.00,0.00,0.00,0.41,160.01,0.00,0.00,0.00,0.00,0.00,0.00,0.00,0.00,0.00
1011,MC,0.00,0.00,0.00,0.00,0.00,21.53,5.77,159.29,0.00,0.00,0.00,0.00,0.00,0.00,0.00,0.00,0.00
1013,MC,0.00,0.00,0.00,0.00,0.00,0.00,0.00,132.27,0.00,0.00,0.00,0.00,0.00,0.00,0.00,0.00,0.00
1014,MC,0.00,0.00,0.00,0.00,0.00,24.65,0.00,169.57,0.00,0.00,0.00,0.00,0.00,0.00,0.00,0.00,0.00
1016,MC,0.00,0.00,0.00,0.00,0.00,0.00,8.72,115.12,0.00,0.00,0.00,0.00,0.00,0.00,0.00,0.00,0.00
1018,MC,0.00,0.00,0.00,0.00,0.00,0.00,0.00,60.67,0.00,0.00,0.00,0.00,0.00,0.00,0.00,0.00,0.00
1020,MC,0.00,0.00,0.00,0.00,0.00,0.00,0.00,87.50,0.00,0.00,0.00,0.00,0.00,0.00,0.00,0.00,0.00
1022,MC,0.00,0.00,0.00,0.00,0.00,31.18,0.00,70.42,0.00,0.00,0.00,0.00,0.00,0.00,0.00,0.00,0.00
1024,MC,0.00,0.00,0.00,0.00,0.00,0.00,18.62,136.02,0.00,0.00,0.00,0.00,0.00,0.00,0.00,0.00,0.00
1026,MC,0.00,0.00,0.00,0.00,0.00,0.00,0.00,92.47,0.00,0.00,0.00,0.00,0.00,0.00,0.00,0.00,0.00
1028,MC,0.00,0.00,0.00,0.00,0.00,0.00,1.00,51.57,0.00,0.00,0.00,0.00,0.00,0.00,0.00,0.00,0.00
1032,MC,0.00,0.00,0.00,0.00,0.00,0.00,312.52,12.00,0.00,0.00,0.00,0.00,0.00,0.00,0.00,0.00,0.00
1034,MC,0.00,0.00,0.00,248.61,0.00,142.61,0.00,23.80,0.00,0.00,0.00,0.00,0.00,0.00,0.00,0.00,0.00
1036,MC,0.00,0.00,0.00,0.00,0.00,3.84,28.06,152.02,0.00,0.00,0.00,0.00,0.00,0.00,0.00,0.00,0.00
1038,MC,0.00,0.00,0.00,0.00,0.00,0.00,7.26,141.62,0.00,0.00,0.00,0.00,0.00,0.00,0.00,0.00,0.00
1044,MC,0.00,0.00,0.00,0.00,0.00,11.62,0.00,57.38,0.00,0.00,0.00,0.00,0.00,0.00,0.00,0.00,0.00
1048,MC,0.00,0.00,0.00,0.00,0.00,31.66,0.00,15.65,0.00,0.00,0.00,0.00,0.00,0.00,0.00,0.00,0.00
1050,MC,0.00,0.00,0.00,1.20,0.00,129.75,1.08,96.25,0.00,0.00,0.00,0.00,0.00,0.00,0.00,0.00,0.00
1052,MC,0.00,0.00,0.55,0.00,0.00,203.63,36.87,76.76,0.00,0.00,0.00,0.00,0.00,0.00,0.00,0.00,0.00
1054,MC,0.00,0.00,0.00,0.00,0.00,9.89,19.42,99.02,0.00,0.00,0.00,0.00,0.00,0.00,0.00,0.00,0.00
1062,MC,0.00,0.00,0.00,0.00,0.00,62.92,0.00,14.81,0.00,0.00,0.00,0.00,0.00,0.00,0.00,11.36,0.00
1120,MC,0.00,0.00,0.00,0.00,0.00,200.91,6.69,55.87,0.00,0.00,0.00,0.00,0.00,0.00,0.00,0.00,0.00
1121,MC,0.00,0.00,0.00,0.00,0.00,9.60,0.00,70.65,0.00,0.00,0.00,0.00,0.00,0.00,0.00,0.00,0.00
1122,MC,0.00,0.00,0.00,0.00,0.00,73.09,1.25,13.96,0.00,0.00,0.00,0.00,0.00,0.00,0.00,0.00,0.00
1123,MC,0.00,0.00,0.00,0.00,0.00,0.00,0.00,27.68,0.00,0.00,0.00,0.00,0.00,0.00,0.00,0.00,0.00
1125,MC,0.00,0.00,36.93,0.00,0.00,155.96,69.02,12.83,0.00,0.00,0.00,0.00,0.00,0.00,0.00,0.00,0.00
1126,MC,0.00,0.00,0.00,0.00,0.00,0.00,374.29,0.00,0.00,0.00,0.00,0.00,0.00,0.00,0.00,0.00,0.00
1127,MC,0.00,0.00,0.00,0.00,0.00,2.48,48.18,167.27,0.00,0.00,0.00,0.00,0.00,0.00,0.00,0.00,0.00
1128,MC,0.00,0.00,0.00,0.00,0.00,0.00,322.21,0.00,0.00,0.00,0.00,0.00,0.00,0.00,0.00,0.00,0.00
1129,MC,0.00,0.00,190.85,0.00,0.00,0.00,3.89,0.00,0.00,0.00,0.00,0.00,0.00,0.00,0.00,0.00,0.00
1130,MC,0.00,0.00,25.43,0.00,0.00,32.64,89.79,0.00,0.00,0.00,0.00,0.00,0.00,0.00,0.00,0.00,0.00
1131,MC,0.00,8.90,152.37,0.00,0.00,0.00,0.00,0.00,0.00,0.00,0.00,0.00,0.00,0.00,0.00,0.00,0.00
1139,MC,0.00,0.00,0.00,0.00,0.00,0.00,0.00,0.00,0.00,0.00,0.00,0.00,0.00,0.00,0.00,135.99,0.00
1146,MC,0.00,0.00,0.00,0.00,0.00,20.95,20.86,175.05,0.00,0.00,0.00,0.00,0.00,0.00,0.00,0.00,0.00
1147,MC,0.00,0.00,0.00,0.00,0.00,30.99,20.97,209.65,0.00,0.00,0.00,0.00,0.00,0.00,0.00,0.00,0.00
1151,MC,0.00,74.16,24.93,0.00,0.00,0.00,0.00,0.00,0.00,0.00,0.00,0.00,0.00,0.00,0.00,0.00,0.00
1152,MC,0.00,58.17,117.54,0.00,0.00,0.00,0.00,0.00,0.00,0.00,0.00,0.00,0.00,0.00,0.00,0.00,0.00
1153,MC,0.00,0.00,165.76,0.00,0.00,0.00,0.00,0.00,0.00,0.00,0.00,0.00,0.00,0.00,0.00,0.00,0.00
1154,MC,0.00,1.17,106.16,0.00,0.00,0.00,0.00,0.00,0.00,0.00,0.00,0.00,0.00,0.00,0.00,0.00,0.00
1155,MC,0.00,0.00,134.33,0.00,0.00,0.00,0.00,0.00,0.00,0.00,0.00,0.00,0.00,0.00,0.00,0.00,0.00
1156,MC,0.00,0.00,128.85,0.00,0.00,0.10,0.00,0.00,0.00,0.00,0.00,0.00,0.00,0.00,0.00,0.00,0.00
1158,MC,0.00,0.00,0.00,0.00,0.00,0.00,156.46,2.75,0.00,0.00,0.00,0.00,0.00,0.00,0.00,0.00,0.00
1160,MC,0.00,0.00,0.00,0.00,0.00,0.00,76.81,0.00,0.00,0.00,0.00,0.00,0.00,0.00,0.00,0.00,0.00
1161,MC,0.00,0.00,26.60,0.00,0.00,89.61,52.76,2.15,0.00,0.00,0.00,0.00,0.00,0.00,0.00,0.00,0.00
1162,MC,0.00,0.00,0.00,0.00,0.00,0.00,43.34,67.44,0.00,0.00,0.00,0.00,0.00,0.00,0.00,0.00,0.00
1163,MC,0.00,0.00,0.00,0.00,0.00,0.00,57.96,99.71,0.00,0.00,0.00,0.00,0.00,0.00,0.00,0.00,0.00
1164,MC,0.00,0.00,0.00,0.00,0.00,0.00,169.20,0.00,0.00,0.00,0.00,0.00,0.00,0.00,0.00,0.00,0.00
1165,MC,0.00,48.77,5.05,0.00,0.00,0.00,0.00,0.00,0.00,0.00,0.00,0.00,0.00,0.00,0.00,0.00,0.00
1166,MC,0.00,0.00,0.00,0.00,0.00,0.00,63.93,20.13,0.00,0.00,0.00,0.00,0.00,0.00,0.00,0.00,0.00
1167,MC,0.00,0.00,0.00,0.00,0.00,13.30,82.16,244.98,0.00,0.00,0.00,0.00,0.00,0.00,0.00,0.00,0.00
1168,MC,0.00,0.00,0.00,0.00,0.00,0.00,57.77,2.05,0.00,0.00,0.00,0.00,0.00,0.00,0.00,0.00,0.00
1169,MC,0.00,0.00,0.00,0.00,0.00,0.00,170.79,0.00,0.00,0.00,0.00,0.00,0.00,0.00,0.00,0.00,0.00
1179,MC,0.00,0.00,0.00,0.00,0.00,0.00,0.00,0.00,0.00,0.00,0.00,0.00,0.00,0.00,0.00,0.00,160.21
1180,MC,0.00,0.00,0.00,0.00,0.00,0.00,0.00,0.00,0.00,0.00,0.00,0.00,0.00,0.00,0.00,0.00,161.22
1186,MC,0.00,0.00,0.00,0.00,0.00,0.00,0.00,0.00,0.00,0.00,0.00,0.00,0.00,0.00,0.00,0.00,176.71
1187,MC,0.00,0.00,0.00,15.61,0.00,1.30,0.00,0.00,0.00,0.00,0.00,0.00,0.00,0.00,0.00,28.53,0.00
1188,MC,0.00,0.00,63.12,0.00,0.00,41.57,7.01,0.00,0.00,0.00,0.00,0.00,0.00,0.00,0.00,0.00,0.00
1196,MC,0.00,0.00,0.00,0.00,0.00,57.40,52.03,113.92,0.00,0.00,0.00,0.00,0.00,0.00,0.00,0.00,0.00
1198,MC,0.00,0.00,0.00,0.00,0.00,0.00,0.00,0.00,0.00,0.00,0.00,0.00,0.00,0.00,0.00,0.00,99.53
1199,MC,166.42,13.59,0.00,0.00,0.00,0.00,0.00,0.00,0.00,0.00,0.00,0.00,0.00,0.00,0.00,0.00,0.00
1209,MC,0.00,0.00,0.00,0.00,0.00,18.82,15.09,96.09,0.00,0.00,0.00,0.00,0.00,0.00,0.00,0.00,0.00
1258,MC,0.00,157.00,7.65,0.00,0.00,0.00,0.00,0.00,0.00,0.00,0.00,0.00,0.00,0.00,0.00,0.00,0.00
1265,MC,0.00,21.69,4.22,0.00,0.00,0.00,60.07,0.00,0.00,0.00,0.00,0.00,0.00,0.00,0.00,0.00,0.00
1138,MC,0.00,0.00,0.00,0.00,0.00,0.00,0.00,0.00,0.00,0.00,0.00,0.00,0.00,0.00,0.00,0.00,0.00
1215,MC,0.00,0.00,0.00,0.00,0.00,0.00,0.00,4.93,0.00,0.00,0.00,0.00,0.00,0.00,0.00,6.90,0.00
31,IN1,110.16,8.33,0.00,0.00,0.00,0.00,0.00,0.00,0.00,0.00,0.00,0.00,0.00,0.00,0.00,0.00,0.00
166,IN1,129.74,103.41,0.00,0.00,0.00,0.00,0.00,0.00,0.00,4.15,5.23,5.85,0.00,102.27,94.14,0.00,8.33
224,IN1,163.05,231.60,12.92,0.00,0.00,0.00,0.00,0.00,0.00,0.00,0.00,0.00,0.00,0.00,0.00,0.00,7.45
274,IN1,0.00,0.00,0.00,0.00,0.00,0.00,0.00,0.00,0.00,21.25,0.00,37.95,9.04,101.08,0.00,0.00,0.00
288,IN1,0.00,0.00,0.00,0.00,0.00,0.00,0.00,0.00,0.00,0.00,0.00,0.00,0.00,0.00,0.00,8.47,231.60
328,IN1,186.47,14.86,42.17,0.00,0.00,0.00,0.00,0.00,0.00,0.00,0.00,0.00,0.00,0.00,0.00,0.00,35.36
342,IN1,109.13,64.32,101.37,0.00,0.00,0.00,0.00,0.00,0.00,0.00,0.00,0.00,0.00,0.00,0.68,0.00,25.74
369,IN1,0.00,163.52,5.29,0.00,0.00,0.00,0.00,0.00,0.00,0.00,0.00,0.00,0.00,0.00,0.00,0.00,0.00
432,IN1,144.61,84.46,54.24,0.00,0.00,0.00,0.00,0.00,0.00,0.00,0.00,0.00,0.00,0.00,0.00,0.00,216.26
446,IN1,108.33,0.00,0.00,0.00,0.00,0.00,0.00,0.00,4.12,0.00,0.00,0.00,0.00,10.14,1.11,0.00,33.32
449,IN1,0.00,0.00,1.71,0.00,0.00,0.00,0.00,0.00,0.00,0.00,0.00,0.00,0.00,0.00,0.00,0.00,450.28
464,IN1,0.00,49.93,30.08,0.00,0.00,5.16,0.00,0.00,0.00,0.00,0.00,0.00,0.00,0.00,0.00,0.00,78.25
465,IN1,0.00,68.99,17.87,0.00,0.00,0.00,8.08,0.00,0.00,0.00,0.00,0.00,0.00,0.00,0.00,0.00,28.85
472,IN1,0.00,0.00,0.00,0.00,0.00,0.00,0.00,0.00,0.00,0.00,0.00,0.00,0.00,0.00,0.00,0.00,306.54
549,IN1,0.00,0.00,0.00,0.00,0.00,0.00,0.00,0.00,0.00,0.00,0.00,0.00,0.00,0.00,0.00,0.00,0.00
551,IN1,8.24,85.69,0.20,0.00,0.00,0.00,0.00,0.00,0.00,0.00,0.00,0.00,0.00,0.00,0.00,0.00,29.30
560,IN1,0.00,85.13,169.30,0.00,0.00,0.00,0.00,0.00,0.00,0.00,0.00,0.00,0.00,0.00,0.00,0.00,35.22
572,IN1,0.00,0.00,0.00,0.00,0.60,0.00,0.00,0.00,0.00,0.00,0.00,0.00,0.00,0.00,0.00,0.00,266.58
573,IN1,0.00,0.00,0.00,0.00,3.80,67.82,0.00,0.00,0.00,0.00,0.00,0.00,0.00,0.00,0.00,0.00,0.00
575,IN1,0.00,0.00,0.00,0.00,0.00,0.00,0.00,0.00,25.38,61.65,31.12,0.00,3.35,88.16,24.60,0.00,3.53
576,IN1,61.63,54.97,87.07,14.95,51.87,63.92,30.18,0.00,0.00,0.00,0.00,0.00,0.00,0.00,0.00,0.00,44.60
602,IN1,0.00,0.00,0.00,0.00,108.45,49.09,71.71,110.04,0.00,0.00,0.00,0.00,0.00,0.00,0.00,0.00,12.19
614,IN1,0.00,4.67,10.55,0.00,0.00,9.56,51.01,0.00,0.00,0.00,0.00,0.00,0.00,0.00,0.00,20.15,0.00
617,IN1,0.00,0.00,0.00,0.00,0.00,0.00,0.00,0.00,0.00,0.00,0.00,0.00,0.00,0.76,0.00,0.00,0.00
621,IN1,0.00,0.00,45.50,0.00,0.00,71.01,4.79,0.00,0.00,0.00,0.00,0.00,0.00,0.00,0.00,0.00,0.00
643,IN1,0.00,0.00,0.00,97.31,4.29,158.08,0.00,22.70,0.00,0.00,0.00,0.00,0.00,0.00,0.00,0.47,0.00
649,IN1,0.00,0.00,0.00,0.00,0.00,0.00,0.00,0.00,0.00,0.00,0.00,0.00,0.00,0.00,0.00,243.09,0.00
650,IN1,0.00,0.00,20.32,0.00,8.91,1.01,1.31,0.00,18.09,0.00,0.00,0.00,0.00,0.00,0.00,61.05,51.50
655,IN1,0.00,0.00,0.00,0.00,106.79,1.80,0.00,0.00,0.00,0.00,0.00,0.00,0.00,0.00,0.00,72.21,76.86
668,IN1,0.00,0.00,9.86,4.90,66.70,149.43,73.03,19.70,0.00,0.00,0.00,0.00,0.00,0.00,0.00,0.00,0.00
742,IN1,0.00,16.69,109.05,0.00,0.00,0.41,32.52,15.47,0.00,0.00,0.00,0.00,0.00,0.00,0.00,0.00,0.00
743,IN1,0.00,0.00,0.00,5.20,0.00,43.25,0.00,30.31,0.00,0.00,0.00,0.00,0.00,0.00,0.00,87.10,0.00
765,IN1,0.00,0.00,0.00,0.00,0.00,0.00,0.00,0.00,4.56,0.00,147.49,44.21,0.00,0.00,0.00,64.74,0.00
847,IN1,0.00,9.07,7.88,0.00,0.00,0.00,0.00,16.34,7.37,0.00,0.00,0.00,0.00,0.00,0.00,21.96,0.00
849,IN1,0.00,0.00,0.00,0.00,13.78,138.30,0.00,20.98,0.00,0.00,0.00,0.00,0.00,0.00,0.00,0.00,0.00
858,IN1,0.00,0.00,0.00,0.00,0.00,0.00,0.00,0.00,0.00,0.00,0.00,0.00,0.00,0.00,0.00,0.00,0.00
859,IN1,0.00,0.00,0.00,0.00,0.00,0.00,0.00,0.00,0.00,0.00,0.00,0.00,0.00,0.00,0.00,0.00,0.00
902,IN1,0.00,0.00,0.00,0.00,0.00,0.00,0.00,0.00,0.00,0.00,0.00,0.00,0.00,0.00,0.00,0.00,0.00
921,IN1,0.00,10.35,16.01,0.00,0.00,3.33,25.19,58.02,0.00,0.00,0.00,0.00,0.00,0.00,0.00,0.00,0.00
933,IN1,0.00,0.00,0.00,0.00,0.00,0.00,0.00,0.00,0.00,4.34,0.00,2.76,0.00,19.12,0.00,0.00,0.00
1030,IN1,0.00,0.00,0.00,33.48,0.00,192.96,28.89,131.09,0.00,0.00,0.00,0.00,0.00,0.00,0.00,64.69,0.00
1056,IN1,0.00,0.00,0.00,134.26,0.00,106.62,0.00,108.20,0.00,0.00,0.00,0.00,0.00,0.00,0.00,0.00,0.00
1104,IN1,0.00,0.00,2.86,0.00,55.79,86.89,12.47,28.47,0.00,0.00,0.00,0.00,0.00,0.00,0.00,15.54,0.00
1106,IN1,0.00,0.00,0.00,0.00,0.00,0.00,19.62,19.54,0.00,0.00,0.00,0.00,0.00,0.00,0.00,0.00,0.00
1110,IN1,0.00,0.00,2.84,0.00,0.00,0.00,0.00,0.00,0.00,0.00,0.00,0.00,0.00,0.00,0.00,0.00,0.00
1111,IN1,0.00,0.00,0.00,0.00,0.00,0.00,0.00,0.00,0.00,0.00,0.00,0.00,0.00,0.00,0.00,0.00,0.00
1143,IN1,0.00,52.58,167.80,0.00,0.00,0.00,0.00,0.00,0.00,0.00,0.00,0.00,0.00,0.00,0.00,0.00,35.75
1190,IN1,0.00,140.63,45.16,0.00,0.00,0.00,0.00,0.00,0.00,0.00,0.00,0.00,0.00,0.00,0.00,0.00,140.18
1217,IN1,0.00,0.00,0.00,0.00,0.00,9.86,0.30,42.82,0.00,0.00,0.00,0.00,0.00,0.00,0.00,0.00,0.00
1219,IN1,0.00,0.00,0.00,0.00,0.00,19.60,29.92,114.37,0.00,0.00,0.00,0.00,0.00,0.00,0.00,0.00,0.00
1222,IN1,0.00,0.00,0.00,0.00,0.00,0.00,0.00,0.00,0.00,0.00,0.00,0.00,0.00,0.00,0.00,0.00,0.00
1223,IN1,2.48,266.62,11.55,0.00,0.00,0.00,0.00,0.00,0.00,0.00,0.00,0.00,0.00,0.00,0.00,0.00,0.00
1224,IN1,0.00,1.36,0.00,3.42,0.00,35.26,70.19,172.23,0.00,0.00,0.00,0.00,0.00,0.00,0.00,0.00,0.00
336,IN2,97.43,42.95,59.18,0.00,0.00,0.00,0.00,0.00,0.00,0.00,0.00,0.00,0.00,0.00,0.00,0.00,84.24
346,IN2,105.62,0.00,0.00,0.00,0.00,0.00,0.00,0.00,0.00,0.00,0.00,0.00,0.00,0.00,0.00,0.00,96.08
396,IN2,0.00,0.00,0.00,0.00,0.00,0.00,0.00,0.00,0.00,0.00,0.00,0.00,0.00,0.00,0.00,0.00,331.98
411,IN2,0.00,0.00,0.00,0.00,0.00,0.00,0.00,0.00,0.00,0.00,0.00,0.00,0.00,0.00,0.00,1.20,329.44
412,IN2,0.00,0.00,0.00,0.00,0.00,0.00,0.00,0.00,0.00,0.00,0.00,0.00,0.00,0.00,0.00,0.00,171.14
467,IN2,50.39,66.25,28.34,0.00,0.00,0.00,0.00,0.00,0.00,0.00,0.00,0.00,0.00,0.00,0.00,0.00,161.36
481,IN2,17.18,23.11,0.00,0.00,0.00,0.00,0.00,0.00,0.00,3.54,0.00,0.00,0.00,145.54,3.61,0.00,0.00
482,IN2,0.00,0.00,0.00,0.00,0.00,0.00,0.00,0.00,0.00,43.43,0.00,0.00,0.00,0.00,0.00,0.00,199.06
559,IN2,0.00,169.97,46.08,0.00,0.00,0.00,0.00,0.00,0.00,0.00,0.00,0.00,0.00,0.00,0.00,0.00,0.00
610,IN2,0.00,0.00,82.79,0.00,0.00,28.22,0.00,0.00,0.00,0.00,0.00,0.00,0.00,0.00,0.00,0.00,50.38
615,IN2,0.00,0.00,0.00,0.00,0.00,0.00,0.00,0.00,0.00,0.00,0.00,0.00,0.00,0.00,0.00,0.00,304.71
620,IN2,0.00,100.35,120.33,0.00,0.00,0.00,0.00,0.00,0.00,0.00,0.00,0.00,0.00,0.00,0.00,0.00,126.88
625,IN2,0.00,0.00,0.00,68.95,0.00,59.46,48.40,158.09,0.00,0.00,0.00,0.00,0.00,0.00,0.00,0.00,0.00
626,IN2,0.00,10.59,204.54,16.02,3.29,158.06,8.38,3.20,0.00,0.00,0.00,0.00,0.00,0.00,0.00,36.96,0.00
724,IN2,0.00,0.00,0.00,0.00,76.41,56.48,0.00,0.00,30.53,0.00,16.73,0.00,5.18,0.00,0.00,42.57,208.64
730,IN2,0.00,0.00,0.00,140.02,1.10,47.59,0.00,0.00,0.00,0.00,0.00,0.00,0.00,0.00,0.00,60.12,70.28
731,IN2,0.00,0.00,0.00,16.76,128.31,50.04,0.00,0.00,0.00,0.00,0.00,0.00,0.00,0.00,0.00,3.03,75.21
734,IN2,34.93,68.71,5.44,0.00,0.00,0.00,0.00,0.00,0.00,0.00,0.00,0.00,0.00,0.00,0.00,7.19,55.79
735,IN2,0.00,0.00,0.00,0.00,0.00,0.00,0.00,0.00,20.12,141.89,82.34,0.00,5.08,2.31,0.00,135.47,0.00
794,IN2,0.00,0.00,1.75,0.00,0.00,0.00,0.00,0.00,0.00,0.00,0.00,0.00,0.00,0.00,0.00,0.00,418.33
795,IN2,224.25,0.00,0.00,0.00,0.00,0.00,0.00,0.00,0.00,0.00,0.00,0.00,0.00,0.00,0.00,0.00,0.00
829,IN2,0.00,177.67,59.30,0.00,0.00,0.00,0.00,0.00,0.00,0.00,0.00,0.00,0.00,0.00,0.00,0.00,0.00
840,IN2,0.00,122.70,35.93,0.00,0.00,0.00,0.00,0.00,0.00,0.00,0.00,0.00,0.00,0.00,0.00,0.00,7.02
841,IN2,0.00,0.00,0.00,0.00,48.77,55.87,46.08,51.68,0.00,0.00,0.00,0.00,0.00,0.00,0.00,39.86,83.36
842,IN2,101.09,12.00,98.86,0.00,0.00,0.00,0.00,0.00,0.00,0.00,0.00,0.00,0.00,0.00,0.00,0.00,172.57
843,IN2,0.00,0.00,0.00,0.00,0.00,0.00,0.00,0.00,0.00,0.00,0.00,0.00,0.00,0.00,0.00,0.00,0.00
866,IN2,0.00,0.00,0.00,0.00,0.00,12.70,1.20,121.51,0.00,0.00,0.00,0.00,0.00,0.00,0.00,44.26,0.00
867,IN2,0.00,91.60,79.56,0.00,0.00,0.00,20.52,2.82,0.00,0.00,0.00,0.00,0.00,0.00,0.00,0.00,0.00
868,IN2,0.00,64.64,21.72,0.00,3.67,0.00,0.00,0.00,0.00,0.00,0.00,0.00,0.00,0.00,0.00,0.00,196.81
875,IN2,9.92,119.87,134.46,0.00,16.91,75.16,2.40,0.78,0.00,0.00,0.00,0.00,0.00,0.00,0.00,0.00,73.41
877,IN2,99.72,19.40,15.50,0.00,0.00,45.06,19.24,27.18,0.00,0.00,0.00,0.00,0.00,0.00,0.00,80.09,3.85
880,IN2,0.00,0.00,0.00,0.00,0.00,37.44,184.08,109.19,0.00,0.00,0.00,0.00,0.00,0.00,0.00,0.00,0.00
882,IN2,0.00,0.00,0.00,2.00,0.00,62.94,44.87,186.60,0.00,0.00,0.00,0.00,0.00,0.00,0.00,0.00,0.00
883,IN2,0.00,0.00,0.00,0.00,0.00,0.00,0.00,0.00,0.00,14.56,6.47,6.21,0.00,16.59,219.92,0.00,0.00
884,IN2,0.00,0.00,0.00,27.07,0.00,119.21,0.00,0.00,0.00,0.00,0.00,0.00,0.00,0.00,0.00,2.39,8.88
885,IN2,131.23,79.41,218.81,0.00,0.00,0.00,0.00,0.00,0.00,0.00,0.00,0.00,0.00,0.00,0.00,0.00,4.56
886,IN2,0.00,0.00,0.00,6.99,0.00,28.49,0.00,14.06,0.00,0.00,0.00,0.00,0.00,0.00,0.00,89.07,0.00
900,IN2,0.00,131.40,33.63,0.00,0.00,14.42,5.48,15.11,0.00,0.00,0.00,0.00,0.00,0.00,0.00,0.00,155.25
914,IN2,0.00,0.00,0.00,0.00,0.00,0.00,88.81,0.99,0.00,0.00,0.00,0.00,0.00,0.00,0.00,134.07,0.00
916,IN2,0.00,0.00,34.90,0.00,0.00,119.89,31.98,5.28,0.00,0.00,0.00,0.00,0.00,0.00,0.00,147.22,0.00
919,IN2,172.92,159.26,168.86,0.00,0.00,0.00,0.00,0.00,0.00,0.00,0.00,0.00,0.00,0.00,0.00,0.00,48.74
1066,IN2,10.67,76.46,59.86,0.00,0.00,0.00,0.00,0.00,0.00,0.00,0.00,0.00,0.00,0.00,0.00,243.12,79.34
1074,IN2,0.00,0.00,0.00,0.00,0.00,0.00,0.00,31.55,0.00,0.00,0.00,0.00,0.00,0.00,0.00,212.45,0.00
1076,IN2,0.00,0.00,0.00,0.00,0.00,0.00,20.37,22.72,0.00,0.00,97.68,0.00,1.89,1.88,0.00,22.70,0.00
1083,IN2,0.00,76.75,41.47,0.00,0.00,0.00,0.00,0.00,0.00,0.00,0.00,0.00,0.00,0.00,0.00,0.00,184.72
1084,IN2,176.73,53.20,15.64,0.00,0.00,0.00,0.00,0.00,0.00,0.00,0.00,0.00,0.00,0.00,0.00,0.00,162.51
1085,IN2,83.42,152.13,70.09,0.00,0.00,0.00,0.00,0.00,0.00,0.00,0.00,0.00,0.00,0.00,0.00,7.85,79.45
1086,IN2,21.57,0.00,2.39,0.00,0.00,0.00,0.00,0.00,0.00,0.00,0.00,0.00,0.00,0.00,0.00,0.00,453.05
1087,IN2,0.00,0.00,74.05,0.00,0.00,0.00,0.00,0.00,0.00,0.00,0.00,0.00,0.00,0.00,0.00,116.99,135.79
1089,IN2,20.51,159.70,65.97,0.00,0.00,12.60,18.74,0.00,0.00,0.00,0.00,0.00,0.00,0.00,0.00,0.00,0.00
1092,IN2,97.71,16.32,11.66,0.00,0.00,0.00,0.00,0.00,0.00,0.00,0.00,0.00,0.00,6.65,0.00,176.31,103.31
1093,IN2,17.84,0.00,0.00,0.00,0.00,0.00,0.00,0.00,0.00,0.00,0.00,0.00,0.00,0.00,0.00,22.02,324.06
1094,IN2,0.00,0.00,0.00,0.00,0.00,0.00,0.00,0.00,0.00,0.00,0.00,0.00,0.00,0.00,0.00,273.03,0.00
1095,IN2,0.00,0.00,0.00,14.50,0.00,13.81,0.00,0.00,10.79,110.27,11.23,0.00,31.14,53.35,3.32,4.51,0.00
1096,IN2,15.22,6.61,82.25,0.00,54.06,0.00,0.00,0.00,0.00,0.00,0.00,0.00,0.00,0.00,0.00,63.69,53.41
1100,IN2,0.00,52.63,5.92,0.00,0.00,0.00,0.00,0.00,0.00,0.00,0.00,0.00,0.00,0.00,0.00,0.00,340.56
1101,IN2,14.00,37.70,157.00,0.00,0.00,0.00,0.00,0.00,0.00,0.00,0.00,0.00,0.00,0.00,0.00,0.00,266.54
1105,IN2,0.00,97.98,174.52,0.00,0.00,0.00,0.00,0.00,0.00,0.00,0.00,0.00,0.00,0.00,0.00,0.00,0.00
1113,IN2,41.93,39.76,189.61,0.00,0.00,0.00,0.00,0.00,0.00,0.00,0.00,0.00,0.00,0.00,0.00,0.00,197.18
1118,IN2,0.00,87.58,210.38,0.00,6.11,67.67,47.55,92.15,0.00,0.00,0.00,0.00,0.00,0.00,0.00,0.00,13.09
1119,IN2,55.10,155.76,178.33,0.00,0.00,0.00,0.00,0.00,0.00,0.00,0.00,0.00,0.00,0.00,0.00,0.00,156.43
1140,IN2,0.00,0.00,0.00,0.00,0.00,0.00,0.00,0.00,0.00,0.00,0.00,0.00,0.00,0.00,0.00,0.00,0.00
1170,IN2,0.00,0.00,6.32,45.35,1.48,173.91,43.30,0.00,0.00,7.11,0.00,0.00,0.00,2.30,0.00,137.99,0.00
1172,IN2,3.79,173.01,66.11,0.00,0.00,0.00,0.00,0.00,0.00,0.00,0.00,0.00,0.00,0.00,0.00,0.00,24.95
1178,IN2,0.00,0.00,0.00,0.00,0.00,0.00,0.00,0.00,11.60,4.12,59.33,24.09,8.23,35.52,221.98,4.16,0.00
1183,IN2,15.81,24.35,34.70,0.00,0.69,0.00,0.00,0.00,0.00,0.00,0.00,0.00,0.00,0.00,0.00,59.15,278.39
1184,IN2,0.00,0.00,0.00,0.00,0.00,0.00,273.23,45.31,0.00,0.00,0.00,0.00,0.00,0.00,0.00,0.00,0.00
1195,IN2,0.00,0.00,0.00,0.00,1.85,55.95,92.22,215.15,0.00,0.91,0.00,0.00,0.00,0.00,0.00,9.24,0.00
1204,IN2,0.00,0.00,0.00,74.36,0.00,50.13,204.65,132.15,0.00,0.00,0.00,0.00,0.00,0.00,0.00,11.84,0.00
1206,IN2,0.00,100.69,0.00,11.34,1.41,252.30,40.60,67.14,0.00,0.00,0.00,0.00,0.00,0.00,0.00,0.00,0.00
1234,IN2,0.00,0.00,8.90,17.62,0.00,36.49,149.58,132.50,0.00,0.00,0.00,0.00,0.00,0.00,0.00,0.00,6.58
1236,IN2,0.00,0.00,0.00,0.00,0.00,7.47,0.60,104.93,0.00,0.00,0.00,0.00,0.00,0.00,0.00,148.56,0.00
1241,IN2,0.00,0.00,0.00,0.00,0.00,0.00,0.00,0.00,0.00,0.00,0.00,0.00,0.00,0.00,0.00,0.00,0.00
1244,IN2,0.00,0.00,0.00,0.00,0.00,8.19,18.29,191.08,0.00,0.00,0.00,0.00,0.00,0.00,0.00,0.00,0.00
1253,IN2,0.00,93.99,0.00,0.00,0.00,0.00,118.44,0.00,0.00,0.00,0.00,0.00,0.00,0.00,0.00,0.00,0.00
1276,IN2,0.00,0.00,1.09,0.00,0.00,12.71,273.64,29.14,0.00,0.00,0.00,0.00,0.00,0.00,0.00,0.00,0.00
1280,IN2,0.00,0.00,0.00,0.00,0.00,42.35,0.00,0.00,0.00,0.00,0.00,0.00,0.00,0.00,0.00,158.85,0.00
1285,IN2,0.00,21.22,203.39,0.00,0.00,0.00,1.09,0.00,0.00,0.00,0.00,0.00,0.00,0.00,0.00,0.00,89.49
168,IN3,208.08,68.55,107.92,0.00,0.00,0.00,0.00,0.00,0.00,0.00,0.00,0.00,0.00,0.59,0.00,0.00,100.40
337,IN3,4.29,18.32,2.27,0.00,0.00,0.00,37.62,0.00,18.69,21.35,9.76,22.46,30.27,28.04,88.59,0.00,0.00
338,IN3,0.00,35.37,71.99,48.66,38.48,150.01,28.25,13.62,29.39,52.14,16.47,31.49,48.03,50.08,83.60,104.03,0.00
339,IN3,0.00,0.00,0.00,0.00,0.00,0.00,5.81,0.00,17.89,24.01,0.00,0.00,17.52,22.40,113.22,7.16,0.00
340,IN3,0.00,0.00,0.00,0.00,0.00,11.52,16.69,0.00,85.68,116.05,31.99,39.78,18.76,49.82,63.47,0.00,27.65
341,IN3,11.31,167.16,58.74,0.00,4.06,0.00,0.00,0.00,0.00,0.00,0.00,0.00,0.00,0.00,0.00,89.44,184.81
345,IN3,163.60,153.95,119.41,0.00,0.00,0.00,9.02,0.00,0.00,44.32,0.00,27.35,0.00,7.02,0.00,0.00,266.41
353,IN3,35.93,239.85,220.54,0.00,103.72,41.49,78.97,0.00,42.74,15.52,21.95,6.17,17.15,0.00,0.00,69.07,119.70
385,IN3,0.00,0.00,27.61,58.22,24.41,99.73,56.69,13.31,30.69,3.33,14.76,8.70,0.20,23.36,7.74,26.13,0.00
393,IN3,57.78,37.61,75.95,21.61,118.18,135.77,29.90,23.91,86.11,15.55,64.31,12.97,33.30,0.00,0.00,90.62,293.61
394,IN3,126.29,0.00,0.00,0.00,0.00,0.00,0.00,0.00,0.00,0.00,2.86,0.00,0.00,0.00,0.00,132.38,285.84
395,IN3,0.00,0.00,0.00,0.00,69.51,26.52,0.00,0.00,0.00,0.00,33.11,0.00,0.00,0.00,0.00,76.95,45.77
431,IN3,120.58,162.53,88.96,0.00,0.00,0.00,0.00,0.00,0.00,0.00,0.00,0.00,0.00,0.00,0.00,0.00,179.92
436,IN3,152.02,20.31,43.90,0.00,51.50,0.00,0.00,0.00,0.00,0.00,0.00,0.00,0.00,0.00,0.00,0.00,272.68
466,IN3,57.37,291.67,107.23,0.00,0.00,0.00,0.00,0.00,0.00,0.00,0.00,0.00,0.00,0.00,0.00,0.00,0.00
473,IN3,64.16,157.80,12.15,0.00,61.11,22.09,0.00,0.00,0.00,0.00,0.00,8.79,0.00,0.00,0.00,209.13,197.56
479,IN3,0.00,9.38,64.79,0.00,0.00,7.47,0.00,0.00,61.15,1.88,23.87,0.00,10.05,103.32,6.14,102.86,208.90
480,IN3,19.00,0.00,29.96,0.00,51.42,49.95,4.57,13.33,17.84,13.82,7.22,6.29,0.10,8.99,2.31,15.40,161.07
483,IN3,22.15,92.33,44.85,0.00,36.68,16.32,20.46,0.00,0.00,0.00,0.00,0.00,0.00,0.00,0.00,0.00,144.89
484,IN3,0.00,0.00,0.00,0.00,0.00,0.00,0.00,0.00,0.30,12.93,35.97,1.78,42.03,38.95,56.86,0.00,0.00
534,IN3,80.01,101.69,64.01,0.40,101.80,55.95,0.00,0.00,0.00,0.00,0.00,0.00,0.00,0.00,0.00,23.87,167.94
542,IN3,182.61,206.69,50.96,0.00,1.20,0.00,0.00,0.00,0.00,0.00,0.00,0.00,0.00,0.00,0.00,0.00,286.79
543,IN3,86.20,149.87,41.65,0.00,0.00,0.00,1.17,0.00,0.00,0.00,0.00,0.00,0.00,0.00,0.00,0.00,226.45
544,IN3,0.00,188.28,26.87,56.86,21.64,102.16,0.00,0.00,101.57,0.00,4.85,56.13,30.26,27.94,11.45,37.17,53.08
545,IN3,35.77,213.69,51.62,2.59,10.61,17.11,12.54,0.00,0.00,0.00,0.00,0.00,0.00,0.00,0.00,17.38,246.55
550,IN3,11.67,91.38,26.85,0.00,0.85,4.44,29.15,0.00,0.00,0.00,0.00,0.00,0.00,0.00,0.00,0.00,105.48
616,IN3,38.88,1.23,38.92,0.00,10.62,62.46,0.00,0.00,49.24,81.70,8.40,1.41,35.38,44.75,171.94,67.01,76.87
618,IN3,71.24,183.41,25.72,0.00,29.27,18.91,71.96,0.00,0.00,0.00,0.00,0.00,0.00,6.80,0.00,0.00,135.70
647,IN3,2.95,15.72,34.04,0.00,28.97,89.54,0.00,22.13,6.05,0.00,2.70,0.00,0.00,12.54,0.00,57.95,35.50
652,IN3,0.00,0.00,0.00,57.12,19.18,54.50,0.00,0.00,0.00,0.00,0.00,0.00,0.00,0.00,0.00,97.84,19.08
723,IN3,0.00,0.00,14.34,22.09,75.30,21.48,0.00,0.00,83.67,2.29,0.29,30.42,10.74,2.90,0.00,158.32,114.08
726,IN3,53.91,114.69,41.37,0.00,0.00,0.00,16.95,24.68,8.50,25.31,0.00,19.48,2.39,92.76,4.63,88.79,372.05
732,IN3,119.02,65.25,74.35,0.00,55.06,42.89,4.86,0.00,0.00,10.39,0.00,0.00,0.00,20.99,30.53,29.13,241.87
733,IN3,49.84,0.00,7.31,21.85,0.00,55.65,84.18,30.33,24.35,0.00,34.95,16.30,28.38,13.68,25.26,103.77,0.00
741,IN3,0.00,13.16,0.00,14.83,0.00,74.45,34.13,13.00,71.91,45.83,22.05,7.81,64.41,37.36,36.75,36.88,0.00
766,IN3,52.60,66.45,74.59,21.13,0.00,58.61,51.29,40.18,82.81,16.38,40.45,34.92,27.60,29.86,44.34,57.43,123.11
767,IN3,17.81,62.56,55.41,0.00,0.00,6.96,21.73,0.00,32.63,47.65,79.55,47.79,29.97,1.80,3.34,124.26,141.58
790,IN3,0.00,0.00,0.00,0.00,0.00,0.00,0.00,0.00,38.27,2.52,12.09,47.57,2.28,21.86,0.00,0.00,0.00
791,IN3,3.46,0.00,2.28,0.00,23.60,80.28,73.46,56.80,22.25,17.86,63.82,0.40,12.72,60.33,5.15,142.83,0.00
792,IN3,6.97,0.00,0.00,0.00,0.00,4.21,19.15,3.37,34.11,0.77,64.32,28.43,25.00,23.81,257.56,75.28,0.00
793,IN3,20.27,0.00,0.00,0.00,1.46,21.94,0.00,0.00,44.71,42.58,40.60,43.36,20.08,29.82,12.09,9.93,178.16
796,IN3,34.12,72.94,62.13,0.00,0.00,20.76,61.63,23.64,23.36,17.42,41.38,10.91,10.47,71.58,19.44,78.64,143.33
797,IN3,0.00,0.00,0.00,0.00,0.00,0.00,0.00,0.00,24.22,18.70,4.10,37.45,0.00,13.61,158.31,0.00,13.50
800,IN3,203.32,87.14,84.28,0.00,31.40,19.57,19.15,0.00,56.67,3.72,49.57,11.14,7.40,24.76,0.00,0.00,217.08
801,IN3,45.13,1.29,43.29,0.00,0.00,0.00,87.65,9.74,0.00,57.33,0.00,0.00,0.29,18.87,11.37,34.37,46.60
802,IN3,0.00,6.63,0.00,0.00,0.00,0.00,54.81,1.10,7.10,23.77,23.14,19.94,23.75,8.80,244.12,57.61,0.00
803,IN3,119.85,19.94,137.92,0.00,0.00,0.00,203.54,0.00,56.93,44.74,78.11,13.18,54.18,38.47,122.01,0.00,78.07
805,IN3,41.45,496.39,298.48,0.00,0.00,37.19,31.03,0.00,0.00,0.00,0.00,0.00,0.00,0.00,0.00,0.00,53.80
812,IN3,12.45,26.17,40.73,0.00,0.00,1.29,35.90,0.00,35.32,50.54,46.88,50.24,80.90,20.91,189.17,59.46,116.19
826,IN3,18.20,0.00,0.00,0.00,0.00,16.36,0.00,0.00,68.70,58.58,52.54,36.60,23.80,29.15,60.41,89.00,0.00
827,IN3,15.56,41.25,36.26,0.00,0.00,0.00,0.00,0.00,32.66,18.29,0.00,30.07,0.00,37.24,240.16,30.58,64.82
828,IN3,0.00,0.00,27.30,0.00,0.00,5.82,93.85,14.90,74.67,10.44,24.17,36.53,10.35,23.60,402.61,39.66,15.00
835,IN3,0.00,74.00,21.83,0.00,0.00,0.00,67.26,0.00,20.62,14.32,4.95,7.91,36.96,7.80,169.14,0.00,0.00
836,IN3,21.21,86.54,33.96,0.00,21.18,25.22,79.86,21.92,30.68,5.39,18.66,24.01,40.21,25.10,22.15,36.95,79.66
837,IN3,0.00,35.60,0.00,40.90,8.89,34.87,15.22,0.00,40.98,31.30,26.35,19.28,59.62,33.24,138.07,101.72,110.11
838,IN3,88.61,0.00,36.68,0.00,0.00,1.79,0.00,0.00,0.00,0.00,0.00,0.00,0.00,0.00,0.00,40.95,30.23
839,IN3,83.97,34.34,122.60,16.96,28.14,17.28,10.40,0.00,19.73,17.61,35.74,0.00,15.74,20.89,0.00,15.56,175.76
844,IN3,3.73,0.00,4.28,0.00,18.35,33.84,20.00,2.04,0.00,0.00,0.88,0.00,0.00,0.00,0.00,69.63,319.97
845,IN3,0.00,0.89,1.07,7.47,51.38,57.88,66.84,88.13,0.00,0.00,0.00,0.00,0.00,0.00,0.00,17.64,12.13
846,IN3,0.00,0.00,0.00,0.00,92.62,13.18,0.00,0.00,0.00,0.00,0.00,0.00,0.00,0.00,0.00,0.00,191.69
850,IN3,0.00,0.00,0.00,0.00,10.90,88.22,0.00,29.73,0.00,3.09,42.74,31.16,0.27,0.00,0.00,445.65,0.00
855,IN3,0.00,0.00,0.00,6.88,15.99,176.69,80.59,139.36,1.57,25.87,90.50,15.18,32.11,32.66,12.41,152.00,0.00
856,IN3,0.00,0.00,17.90,24.56,0.00,112.34,17.10,152.61,54.36,10.76,26.29,13.85,27.99,16.80,9.00,109.20,0.00
857,IN3,59.97,119.84,110.83,11.65,12.43,33.06,16.24,0.00,4.65,36.55,3.89,9.52,13.58,1.07,0.00,34.59,186.92
860,IN3,0.70,11.41,137.55,0.00,158.04,5.77,0.00,0.00,0.00,0.00,0.00,0.00,0.00,0.00,0.00,190.55,228.25
870,IN3,20.97,14.70,24.74,0.00,71.87,89.02,96.26,97.80,18.72,0.00,5.80,0.00,11.95,0.00,0.00,48.39,69.73
871,IN3,26.05,9.47,145.67,0.00,84.35,67.84,4.75,36.22,0.00,0.00,0.00,0.00,0.00,0.00,0.00,132.02,251.26
878,IN3,38.54,83.92,270.55,0.00,40.19,67.52,0.00,16.53,0.00,0.00,0.00,0.00,0.00,0.00,0.00,0.00,128.72
879,IN3,0.00,41.11,9.68,0.00,58.06,154.70,21.75,78.99,3.67,0.00,0.00,0.00,0.00,0.00,0.00,56.01,10.09
881,IN3,0.00,0.00,3.98,32.29,0.00,75.66,91.82,34.26,21.98,1.13,15.96,32.93,21.10,37.30,3.86,84.47,107.09
889,IN3,0.00,12.31,0.00,31.78,44.46,63.41,62.71,0.00,15.92,37.00,32.13,0.00,32.92,3.36,0.00,23.37,34.50
899,IN3,0.00,0.00,2.70,0.00,0.00,35.02,24.25,0.00,12.71,33.99,18.35,59.72,0.00,22.38,25.01,28.55,36.28
901,IN3,48.92,0.00,0.00,0.00,14.17,0.00,0.00,0.00,0.00,0.00,0.00,0.00,0.00,0.00,0.00,19.04,182.21
904,IN3,71.97,36.68,151.75,0.00,0.00,10.12,71.54,0.09,7.29,0.00,9.25,0.00,0.00,0.00,0.00,81.07,145.88
905,IN3,0.00,1.66,102.79,0.00,46.44,55.91,29.01,0.00,15.15,0.00,0.00,0.00,0.00,0.00,0.00,0.00,69.45
913,IN3,0.67,24.87,0.00,0.00,0.00,1.61,8.67,64.09,69.37,0.99,24.39,13.87,26.04,28.82,140.53,0.30,0.00
917,IN3,40.42,80.03,49.57,0.00,0.00,0.00,72.12,19.17,0.00,0.00,0.00,0.00,0.00,0.00,0.00,0.00,18.64
918,IN3,121.05,71.67,206.76,0.00,8.49,26.25,47.62,0.00,1.80,0.00,22.46,0.00,0.00,0.00,0.00,0.00,75.91
935,IN3,10.62,169.53,64.16,0.00,3.24,17.02,4.62,0.00,13.51,27.14,13.39,20.77,0.00,41.51,0.00,188.18,26.89
1042,IN3,0.00,5.44,0.00,0.00,0.00,0.00,10.86,1.08,4.76,0.00,0.00,0.00,0.00,17.51,16.65,10.97,4.96
1058,IN3,0.00,0.00,5.38,1.30,25.27,152.95,57.64,211.70,3.78,0.00,0.00,0.00,0.00,0.00,0.00,59.73,0.00
1060,IN3,22.18,0.00,0.00,95.47,3.18,247.47,105.37,264.35,0.00,0.00,0.00,0.00,0.00,0.00,0.00,127.21,66.28
1064,IN3,0.00,0.00,0.00,52.60,65.39,253.89,0.00,79.53,0.00,0.00,0.00,0.00,0.00,0.00,0.00,241.10,0.00
1068,IN3,0.00,31.68,27.68,4.49,4.66,89.38,57.64,101.24,0.00,0.00,0.00,0.00,0.00,0.00,0.00,133.85,0.00
1070,IN3,32.66,0.00,0.57,21.16,14.08,151.85,44.32,76.59,25.02,1.24,2.89,16.17,5.61,13.74,0.00,75.38,53.93
1072,IN3,0.00,2.22,39.44,15.41,0.00,71.49,73.84,3.46,0.00,0.00,0.00,0.00,0.00,0.00,0.00,32.49,0.00
1081,IN3,6.80,65.49,66.42,15.03,14.33,61.31,13.18,4.32,34.43,6.90,17.83,38.15,35.33,0.00,10.53,66.47,51.51
1082,IN3,0.40,11.39,4.60,0.00,0.00,0.00,114.69,15.70,61.79,63.35,54.94,8.26,11.78,45.43,120.21,31.50,0.00
1088,IN3,60.51,10.21,4.20,0.00,52.22,39.65,38.37,10.93,30.65,12.39,0.00,0.00,17.04,50.07,6.32,146.05,60.52
1090,IN3,0.00,8.71,0.00,0.00,0.00,13.97,26.85,21.48,0.00,0.00,2.90,3.64,0.00,0.00,0.00,17.81,0.00
1102,IN3,0.00,0.00,2.40,3.60,0.00,25.04,22.14,46.22,2.67,0.00,51.56,0.00,0.00,2.79,0.00,14.56,0.00
1103,IN3,0.00,31.28,72.64,0.00,0.00,12.66,20.59,44.78,0.00,0.00,40.38,0.00,0.00,16.09,0.00,35.34,11.71
1108,IN3,142.84,13.78,24.20,0.00,31.45,71.35,16.54,0.00,0.00,0.00,0.00,0.00,0.00,0.00,0.00,106.63,125.25
1109,IN3,0.00,6.77,70.12,0.00,82.70,15.32,0.00,9.02,0.00,0.00,22.50,0.00,3.47,25.35,4.37,0.00,64.89
1112,IN3,16.72,0.00,53.24,0.00,31.00,29.18,55.13,0.82,3.35,2.96,0.00,2.29,24.32,55.66,2.24,11.98,24.01
1114,IN3,71.62,6.18,84.55,0.00,15.85,3.89,13.75,0.00,0.00,0.00,0.00,0.00,0.00,0.00,0.00,46.89,201.27
1117,IN3,40.09,34.90,78.77,0.00,0.00,0.00,26.29,6.54,0.00,0.00,0.00,0.00,0.00,9.54,0.58,0.00,13.29
1133,IN3,31.67,171.55,187.28,0.00,37.62,30.40,119.09,3.03,0.00,0.00,0.00,0.00,0.00,0.00,0.00,0.00,0.00
1134,IN3,34.86,18.64,24.71,0.00,23.27,98.60,38.86,40.86,0.00,0.00,0.00,0.00,0.00,0.00,0.00,73.14,125.14
1137,IN3,0.00,0.00,0.00,0.00,0.00,0.00,22.64,0.00,25.36,30.03,40.29,86.39,27.83,53.54,73.76,6.97,0.00
1144,IN3,44.98,112.20,291.21,1.52,84.94,35.21,60.33,26.01,0.00,0.00,0.00,0.00,0.00,0.00,0.00,11.84,232.05
1171,IN3,12.55,0.00,113.64,0.00,6.68,0.00,29.86,0.00,0.00,0.00,0.00,0.00,0.00,0.00,0.00,0.00,217.20
1173,IN3,0.00,0.00,1.60,0.00,0.00,0.00,8.51,3.74,0.00,0.00,48.71,0.00,0.00,6.07,0.29,0.00,10.57
1174,IN3,0.00,0.00,0.00,0.00,0.00,0.00,0.00,0.00,77.85,0.00,53.03,4.67,16.29,3.98,12.50,7.81,0.00
1176,IN3,0.00,0.00,0.00,0.00,0.00,0.00,0.00,0.00,0.00,0.00,22.18,0.00,0.00,0.00,0.00,0.00,0.00
1177,IN3,0.00,0.00,0.00,0.00,0.00,0.00,0.00,0.00,5.54,1.89,26.42,13.22,13.79,6.67,107.48,0.00,0.00
1181,IN3,0.00,0.00,0.00,0.00,0.00,0.00,0.00,0.00,43.18,14.02,16.85,40.59,8.83,27.96,407.53,0.00,0.00
1182,IN3,8.76,0.00,0.00,0.00,0.00,38.09,41.51,26.33,19.27,27.05,8.17,31.31,5.90,3.80,7.16,43.18,9.36
1185,IN3,8.51,0.00,3.00,7.35,18.71,79.91,0.00,0.00,160.63,2.49,43.80,34.36,11.33,18.98,17.92,170.61,58.18
1189,IN3,6.18,87.21,121.34,0.00,0.00,0.20,0.00,0.00,0.00,0.00,0.00,0.00,0.00,0.00,0.00,0.00,233.96
1192,IN3,3.45,0.00,0.00,0.00,0.00,9.07,0.00,0.00,33.87,1.28,149.61,0.00,5.84,20.31,0.00,0.00,0.00
1193,IN3,0.00,14.80,0.00,56.60,9.68,220.91,14.61,10.09,0.00,0.00,0.00,0.00,0.00,0.00,0.00,42.73,0.00
1194,IN3,235.70,58.49,69.63,0.00,0.00,15.55,2.50,0.00,0.00,0.00,0.00,0.00,0.00,26.91,4.86,47.83,178.05
1221,IN3,0.00,0.00,0.00,0.00,0.00,0.00,0.00,0.00,0.00,0.00,0.00,0.00,0.00,0.00,0.00,0.00,0.00
1229,IN3,0.00,11.83,0.00,0.00,0.00,0.00,15.75,0.00,0.00,0.00,41.86,0.00,0.00,0.00,0.00,0.00,0.00
1235,IN3,0.00,0.00,0.88,4.24,0.00,22.96,94.12,11.88,0.00,0.00,0.00,0.00,0.00,0.00,0.00,0.00,0.00
1238,IN3,52.34,0.00,10.51,0.00,35.42,57.56,24.55,34.31,0.00,10.85,58.74,12.34,0.00,4.10,0.00,29.77,1.48
1246,IN3,0.00,16.40,52.27,10.80,15.14,184.07,102.40,279.15,0.00,0.00,0.00,0.00,0.00,0.00,0.00,88.55,0.00
1275,IN3,2.17,5.46,170.32,10.75,36.66,86.93,45.78,55.23,0.00,0.00,0.00,0.00,0.00,0.00,0.00,41.34,21.98
1281,IN3,0.00,0.00,0.00,0.00,0.00,23.94,46.24,107.32,0.00,0.00,0.00,0.00,0.00,0.00,0.00,0.00,0.00
1282,IN3,61.36,52.76,241.47,0.00,52.74,51.50,54.22,45.78,0.00,0.00,0.00,0.00,0.00,0.00,0.00,54.15,98.11
1107,UPN,11.35,22.39,211.17,5.79,176.13,111.02,10.31,30.27,0.98,0.00,0.00,0.00,0.00,0.00,0.00,35.57,101.60
558,UPN,43.64,39.94,87.57,0.00,0.00,0.00,0.00,0.00,0.00,0.00,0.00,0.00,0.00,0.00,0.00,0.00,111.94
1091,UPN,91.82,62.02,0.00,0.00,0.00,0.00,0.00,0.00,0.00,0.00,0.00,0.00,0.00,0.00,0.00,0.00,244.29
1240,UPN,0.00,0.00,0.00,0.00,0.00,0.00,0.00,0.00,0.00,0.00,41.93,0.00,0.00,0.00,0.00,0.00,0.00
1040,LOC,0.00,177.08,261.02,0.00,13.38,106.37,205.01,37.41,17.70,0.00,51.55,0.00,0.00,0.00,0.00,160.75,1.36
149,LOC,545.20,258.58,350.45,0.00,1.49,0.00,0.00,0.00,0.00,31.93,56.45,4.43,18.39,66.65,159.80,0.00,724.60
97,Other,0.00,0.00,33.18,0.00,0.00,0.00,0.00,0.00,0.00,0.00,0.00,0.00,0.00,0.00,0.00,0.00,0.00
126,Other,0.00,0.00,0.00,0.00,0.00,0.00,0.00,0.00,0.00,0.00,0.00,0.00,0.00,0.00,16.87,0.00,0.00
127,Other,0.00,0.00,0.00,0.00,0.00,0.00,0.00,0.00,0.00,0.00,0.00,0.00,0.00,0.00,26.26,0.00,0.00
130,Other,0.00,0.00,0.00,0.00,0.00,0.00,0.00,0.00,0.00,0.00,0.00,0.00,0.00,0.00,0.08,0.00,0.00
273,Other,0.00,0.00,0.00,0.00,0.00,0.00,0.00,0.00,0.00,2.17,0.00,0.00,0.00,17.43,0.00,0.00,0.00
433,Other,9.95,11.26,0.00,0.00,0.00,0.00,0.00,0.00,0.00,0.00,0.00,0.00,0.00,0.00,0.00,0.00,0.00
443,Other,0.00,0.00,0.00,0.00,0.00,0.00,0.00,0.00,0.00,9.94,23.52,4.91,0.00,2.83,0.00,0.00,0.00
521,Other,0.00,0.00,0.00,0.00,0.00,0.00,0.00,0.00,0.00,0.00,0.00,0.00,0.00,0.00,0.00,0.00,19.32
548,Other,0.00,0.00,0.10,0.00,0.00,0.00,0.00,0.00,0.00,0.00,0.00,0.00,0.00,0.00,0.00,0.00,0.00
648,Other,0.00,0.00,0.00,0.00,0.00,0.00,0.00,0.00,0.00,0.00,0.00,0.00,0.00,0.00,0.00,0.00,0.00
799,Other,0.00,0.00,0.00,0.00,0.00,0.00,0.00,0.00,0.00,0.00,0.00,0.00,0.00,10.78,0.00,0.00,0.00
804,Other,0.00,0.00,0.00,0.00,0.00,0.00,0.00,0.00,0.00,0.00,0.00,0.00,0.00,0.00,0.00,0.00,0.00
807,Other,0.00,0.00,0.00,0.00,0.00,0.00,0.00,0.00,0.00,0.00,0.00,0.00,0.00,0.00,0.00,50.84,0.00
832,Other,0.00,0.00,0.00,0.00,0.00,0.00,0.00,0.00,0.00,0.00,0.00,0.00,0.00,0.00,0.00,0.00,0.00
1046,Other,0.00,0.00,0.00,0.00,0.00,29.25,0.00,68.38,0.00,0.00,0.00,0.00,0.00,0.00,0.00,0.00,0.00
1135,Other,0.00,0.00,0.00,0.00,0.00,0.00,0.00,0.00,0.00,0.00,0.00,0.00,0.00,0.00,0.00,0.00,0.00
1149,Other,0.00,0.00,0.00,2.08,0.00,124.71,0.00,72.10,0.00,0.00,0.00,0.00,0.00,0.00,0.00,0.00,0.00
1157,Other,0.00,0.00,10.87,0.00,0.00,0.00,59.24,0.00,0.00,0.00,0.00,0.00,0.00,0.00,0.00,0.00,0.00
1191,Other,0.00,0.00,0.00,0.00,0.00,0.00,40.44,43.05,0.00,0.00,0.00,0.00,0.00,0.00,0.00,0.00,0.00
